"Carimbo de data/hora","Nome","Em que perfil você melhor se enquadra?","Com que frequência você acessa o site do DCC?","Por quais motivos você acessa/acessaria o site do DCC?","Caso tenha marcado outros na questão anterior, cite quais:","De que forma você avalia o grau de dificuldade para encontrar informações no site do DCC?","Que tipo de dificuldade você costuma encontrar ao usar o site do DCC?","Você teve ou costuma ter alguma dificuldade para acessar informações sobre o colegiado do seu curso por meio do site do DCC?","Na sua opinião, no site do DCC falta:","Caso tenha marcado outros na questão anterior, cite quais opções faltam:","Qual a sua opinião sobre o mecanismo de edição do site?","Quais dificuldades você costuma encontrar quando edita o conteúdo do site?","Caso tenha marcado outros na questão anterior, cite quais:","Quais as áreas do site você mais edita? Caso já tenha editado.","Que elementos ou funcionalidades são bons no mecanismo de edição utilizando atualmente?","Quais funcionalidades você sente falta ao editar uma página?","Caso você já tenha solicitado autorização para editar, sua solicitação:","Quais melhorias poderiam ser aplicadas ao site para torná-lo mais atrativo e eficiente? Indique outros sites que você teria em mente (pode postar a URL)","Você gostaria que o atual site fosse melhorado?","Quer nos ajudar a melhorar o site do DCC? Então, se tiver críticas ou sugestões de outras perguntas, correções, indique-as abaixo:"
"2014/11/26 11:05:25 PM GMT","Priscila Luz","Estudante de Computação do DCC","Raramente","Buscar informações sobre a graduação/pós-graduação;Buscar informações sobre os projetos de pesquisa do DCC;Buscar informações sobre os serviços oferecido pelo DCC","","Bom","Nenhuma","Não","Interface compatível com dispositivos móveis;Teste","","Bom","Interface não intuitiva","","a","b","c","","d","Sim","l"
"2014/11/26 11:10:59 PM GMT","","Professor(a) externo ao DCC","As vezes","Buscar informações sobre a graduação/pós-graduação","","Ruim","s","Não","Integração com redes sociais","","Péssimo","Não existir a opção desejada","","s","s","sd","","d","Não sei","ds"
"2014/11/27 4:20:00 PM GMT","Frederico Durão","Professor(a) do DCC","Sempre","Saber como funciona os cursos de computação da UFBA;Buscar informações sobre a graduação/pós-graduação;Buscar informações sobre os projetos de pesquisa do DCC;Buscar informações sobre os serviços oferecido pelo DCC;Conhecer os professores","","Bom","navegação","Sim","Integração com redes sociais;Interface compatível com dispositivos móveis;Informações relevantes sobre o departamento","","Bom","Interface não intuitiva;Requer conhecimento técnico","","Professores","adição de links
","ferramentas para edição de texto com alinhamento e templates","","melhor design","Sim","IHAC"
"2014/11/28 1:42:47 AM GMT","Teste","Estudantes de Computação interessado em estudar no DCC","Sempre","Buscar informações sobre os serviços oferecido pelo DCC;Outros","ss","Médio","s","Sim","Informações relevantes sobre o departamento","s","Ruim","Interface não intuitiva","","s","d","s","","ds","Sim","ss"
"2014/11/28 1:02:52 PM GMT","TESTE Trab","Demais interessados no DCC","As vezes","Buscar informações sobre a graduação/pós-graduação;Buscar informações sobre os projetos de pesquisa do DCC","dd","Médio","dvf","Sim","Integração com redes sociais;Interface compatível com dispositivos móveis","sfds","Bom","Não existir a opção desejada;Requer conhecimento técnico;Outros","dssdf","sdfsd","ds","edwe","Demorou para ser atendida","hgfhgf","Não","fgfg"
"2014/11/29 2:55:18 PM GMT","Frederico Durão","Professor(a) do DCC","Sempre","Buscar informações sobre a graduação/pós-graduação","SOBRE ARTIGOS","Médio","credenciais.","Sim","Integração com redes sociais","","Bom","Requer conhecimento técnico","","Professores","edicao HTML","templates","Demorou para ser atendida","teste","Sim","integracao"
"2014/11/29 3:33:03 PM GMT","","Professor(a) do DCC","Sempre","Saber como funciona os cursos de computação da UFBA;Buscar informações sobre a graduação/pós-graduação;Buscar informações sobre os projetos de pesquisa do DCC;Buscar informações sobre os serviços oferecido pelo DCC","","Baixo","Informações sobre os horários das aulas.","Não","Integração com redes sociais;Interface compatível com dispositivos móveis","","Bom","Dificuldade em permissão de edição","","Wiki","","","Demorou para ser atendida","","Sim",""
"2014/11/29 4:35:29 PM GMT","Leonardo Ribeiro","Estudante de Computação do DCC","As vezes","Saber como funciona os cursos de computação da UFBA;Buscar informações sobre a graduação/pós-graduação;Buscar informações sobre os projetos de pesquisa do DCC;Buscar informações sobre os serviços oferecido pelo DCC;Outros","Monitoria","Baixo","No meu caso os únicos problemas é no site de Licenciatura em computação, que está meio desatualizado e alguns links as vezes saem do ar.","Sim","Integração com redes sociais;Informações relevantes sobre o departamento e colegiados","","","Outros","Nunca editei.","","","","","Só realmente no caso o qual disse sobre atualização do site de licenciatura que acho que está um pouco desatualizado e com alguns links que quebram as vezes.","Sim","Poderiam deixar com um interface melhor para ligar o usuário com o programador, ao invés de email somente, poderiam criar uma pagina de criticas, sugestões e alertas, seria algo mais dinâmico."
"2014/11/29 4:52:55 PM GMT","Hugo Figueira","Demais interessados no DCC","As vezes","Buscar informações sobre a graduação/pós-graduação;Buscar informações sobre os projetos de pesquisa do DCC;Buscar informações sobre os serviços oferecido pelo DCC","","Médio","Encontrar algumas informações referentes as disciplinas","Sim","Integração com redes sociais;Interface compatível com dispositivos móveis;Informações relevantes sobre o departamento e colegiados","","Bom","Lentidão;Interface não intuitiva","","","","","Nunca foi atendida","","Sim",""
"2014/11/29 5:07:56 PM GMT","Ricardo Rios","Professor(a) do DCC","Sempre","Saber como funciona os cursos de computação da UFBA;Buscar informações sobre a graduação/pós-graduação;Buscar informações sobre os serviços oferecido pelo DCC","","Médio","Interface poderia ser mais profissional, o que facilitaria a busca de informação. Exemplo:

http://www.ecm.uwa.edu.au/","Sim","Informações relevantes sobre o departamento e colegiados","","Ruim","Interface não intuitiva","","","","","","http://www.ecm.uwa.edu.au/
","Sim","O site PRECISA ter uma versão em inglês."
"2014/11/29 5:11:27 PM GMT","Adriano Azevedo","Estudante de Computação do DCC","As vezes","Buscar informações sobre a graduação/pós-graduação;Buscar informações sobre os serviços oferecido pelo DCC;Outros","Busco documentos do curso, como atas das reuniões do colegiado e do departamento e escopo dos projetos dos professores, nunca os achei atualizados. ","Baixo","Basicamente não há as informações mais relevante para o departamento, nem nenhuma forma de interação, como um canal de contato com o departamento.","Sim","Integração com redes sociais;Informações relevantes sobre o departamento e colegiados","","Ruim","Lentidão;Dificuldade em permissão de edição","","","nenhum.","Noticias relativas ao departamento sobre projetos e atividades acadêmicas de extensão (congressos e eventos). Talvez ter o RSS do SBC e da RNP","","Interatividade, foruns e um central de documentação de todo departamento.","Sim","Vejo muita dificuldade de conhecer TODOS os projetos que os professores estão envolvidos, suas linhas de pesquisas e interesses. Isso é uma verdadeira ""caixa preta"". Acho que com essas informações mais alunos se aproximariam dos projetos, professores, do departamento e principalmente do colegiado do seu curso."
"2014/11/29 6:24:25 PM GMT","Vinícius","Estudante de Computação do DCC","Raramente","Buscar informações sobre a graduação/pós-graduação","","Alto","principalmente a falta de um campo de busca interna, pois não sei o que procuro, mas sei que está no site, e preciso ir em diversos links para achar o que quero.","Sim","Integração com redes sociais;Interface compatível com dispositivos móveis;Informações relevantes sobre o departamento e colegiados","","","Não existir a opção desejada","","","","","","campo para busca interna;
interface mais limpa;
guias de expansão alinhadas;
","Sim",""
"2014/11/29 6:39:00 PM GMT","","Estudante de Computação do DCC","As vezes","Buscar informações sobre a graduação/pós-graduação;Buscar informações sobre os projetos de pesquisa do DCC;Buscar informações sobre os serviços oferecido pelo DCC","","Alto","Muitas","Sim","Integração com redes sociais;Interface compatível com dispositivos móveis;Informações relevantes sobre o departamento e colegiados","","Ruim","Lentidão;Interface não intuitiva;Não existir a opção desejada;Dificuldade em permissão de edição","","","","","Demorou para ser atendida","","Sim",""
"2014/11/29 6:53:05 PM GMT","","Demais interessados no DCC","Raramente","Buscar informações sobre a graduação/pós-graduação;Buscar informações sobre os projetos de pesquisa do DCC","","Médio","Sequência de links (profundidade) muito grande para alguns conteúdos.","Sim","Interface compatível com dispositivos móveis","","Bom","Interface não intuitiva","","Áreas relacionadas ao Onda Digital.","Principalmente a exibição dos níveis de links acessados até o atual.","Auxílio sintático melhor em alguns trechos de codificação.","Foi atendida prontamente","Apesar de não muito atual, o site http://www.cic.unb.br/ pode ajudar com algumas ideias.","Sim",""
"2014/11/29 7:38:38 PM GMT","","Estudante de Computação do DCC","As vezes","Buscar informações sobre a graduação/pós-graduação","","Médio","Dificuldade de encontrar as informacoes importantes","Sim","Interface compatível com dispositivos móveis;Informações relevantes sobre o departamento e colegiados","","Razoável","Lentidão;Interface não intuitiva;Não existir a opção desejada;Requer conhecimento técnico;Dificuldade em permissão de edição","","","Nada","Praticidade. Toda hora que editamos temos quer ler o tutorial","Nunca foi atendida","Usar tecnologia mais atual.  
novomoodle.ufba.br
pt.khanacademy.org","Sim",""
"2014/11/29 8:09:33 PM GMT","","Professor(a) do DCC","As vezes","Outros","Notícias, busca de informações de todos os níves ","Médio","Falta de uniformização, páginas dos colegiados dos cursos estão lá, mas uma enorme dificuldade em encontrar o conteúdo programático das disciplinas ","Sim","Interface compatível com dispositivos móveis;Informações relevantes sobre o departamento e colegiados;Outros","Site nada moderno, precisamos modernizar na estrutura e nas cores","Bom","Interface não intuitiva","","Sempre críamos novas páginas para os projetos institucionais","","Tudo é feito em modo raw, se pudesse ser mais gráfico, melhor","Foi atendida prontamente","Modernizar...isso envolve uma concepção estética toda diferente. ","Sim","Sugestões, tenho várias, mas só pessoalmente. Fizemos uma lista com bastante idéias no passado. Vou resgatar e passar pra vocês. Abs, fabiola "
"2014/11/29 9:07:14 PM GMT","","Estudante de Computação do DCC","Raramente","Saber como funciona os cursos de computação da UFBA;Buscar informações sobre a graduação/pós-graduação;Buscar informações sobre os projetos de pesquisa do DCC;Buscar informações sobre os serviços oferecido pelo DCC","","Baixo","informações atualizadas","Sim","Informações relevantes sobre o departamento e colegiados;Outros","informações atualizadas, deixar visivel somente informações relevantes","","Outros","não edito","","","","","","Sim",""
"2014/11/30 12:05:01 AM GMT","Marcos Barreto","Professor(a) do DCC","Sempre","Buscar informações sobre a graduação/pós-graduação;Outros","Buscar informações de contatos de professores, modelos de documentos, resoluções etc.","Médio","Nem sempre é possível encontrar a informação desejada de forma rápida ou mesmo atualizada. Porẽm, cabe salientar que o site vem melhorando bastante nos últimos meses.","Sim","Informações relevantes sobre o departamento e colegiados;Outros","De certa forma, uma reorganização geral do mapa do site, separando conteúdos (ver abaixo). Porém, o mais importante seria uma atualização e padronização dos sites dos colegiados. Estão com informações bastante desatualizadas em alguns casos.

SUGESTÕES:

1) Colocar os subitens de cada menu em ordem alfabética.

2) Na seção Departamento, deixar somente os itens que se referem à estrutura do DCC, a linha do tempo, contato etc.

3) Na seção Serviços, deixar somente o que for especificamente serviços. Tem alguns itens replicados (que aparecem em Departamento, por exemplo).

4) Inserir uma seção DOCUMENTOS no menu principal. Nesta seção, agrupar os documentos referentes ao projeto estuturante (finep) e do ICTC, ambos atualmente na seção Departamento -> Destaques. Colocar também atos normativos, modelos de formulários, atas, programas de disciplinas, tutoriais de impressoras etc. Tudo o que for referente a documentos.","Bom","Requer conhecimento técnico","Em geral, não tenho muita dificuldade técnica.","Edito mais minhas páginas pessoais, mas já precisei editar informações referentes aos projetos de pesquisa.","Em geral, acho o mecanismo suficiente para o tipo de conteúdo que preciso editar/incluir.","Melhor suporte para imagens (gráficos) e tabelas.","Foi atendida prontamente","1) Colocar os subitens de cada menu em ordem alfabética.

2) Na seção Departamento, deixar somente os itens que se referem à estrutura do DCC, a linha do tempo, contato etc.

3) Na seção Serviços, deixar somente o que for especificamente serviços. Tem alguns itens replicados (que aparecem em Departamento, por exemplo).

4) Inserir uma seção DOCUMENTOS no menu principal. Nesta seção, agrupar os documentos referentes ao projeto estuturante (finep) e do ICTC, ambos atualmente na seção Departamento -> Destaques. Colocar também atos normativos, modelos de formulários, atas, programas de disciplinas, tutoriais de impressoras etc. Tudo o que for referente a documentos.","Sim","
1) Colocar os subitens de cada menu em ordem alfabética.

2) Na seção Departamento, deixar somente os itens que se referem à estrutura do DCC, a linha do tempo, contato etc.

3) Na seção Serviços, deixar somente o que for especificamente serviços. Tem alguns itens replicados (que aparecem em Departamento, por exemplo).

4) Inserir uma seção DOCUMENTOS no menu principal. Nesta seção, agrupar os documentos referentes ao projeto estuturante (finep) e do ICTC, ambos atualmente na seção Departamento -> Destaques. Colocar também atos normativos, modelos de formulários, atas, programas de disciplinas, tutoriais de impressoras etc. Tudo o que for referente a documentos."
"2014/11/30 3:11:25 AM GMT","Joaldino Calixto de Souza Neto","Estudante de Computação do DCC","As vezes","Saber como funciona os cursos de computação da UFBA;Buscar informações sobre a graduação/pós-graduação;Buscar informações sobre os projetos de pesquisa do DCC;Buscar informações sobre os serviços oferecido pelo DCC","","Médio","O site é um pouco ""poluído"". Muita informação e mal organizado. Está precisando de uma remodelação no design para que as informações sejam mais facilmente encontradas.","Sim","Interface compatível com dispositivos móveis;Informações relevantes sobre o departamento e colegiados;Outros","Um layout que proporciona uma melhor organização das informações.","","Outros","Ainda não editei conteúdo no site, logo esse campo não deveria ser obrigatório.","","","","","Stanford University - http://www.stanford.edu/
University of Cambridge - http://www.cam.ac.uk/","Sim",""
"2014/11/30 3:13:10 PM GMT","Madson R Araujo","Estudante de Computação do DCC","Raramente","Buscar informações sobre a graduação/pós-graduação","","Baixo","As informaçoes que busco sao faceis de encontrar. Ex saber quem sao os professores.","Não","","","","Outros","Nunca edidei o site","","","","","","Indiferente",""
"2014/11/30 4:42:51 PM GMT","Cristiano Santos","Estudante de Computação do DCC","As vezes","Buscar informações sobre a graduação/pós-graduação;Buscar informações sobre os projetos de pesquisa do DCC;Buscar informações sobre os serviços oferecido pelo DCC","","Médio","Disposição das informações","Não","Integração com redes sociais;Interface compatível com dispositivos móveis;Informações relevantes sobre o departamento e colegiados","","Ruim","Interface não intuitiva;Dificuldade em permissão de edição","","","","","","","Sim",""
"2014/11/30 5:04:52 PM GMT","Nemuel","Estudante de Computação do DCC","As vezes","Saber como funciona os cursos de computação da UFBA;Buscar informações sobre a graduação/pós-graduação;Buscar informações sobre os projetos de pesquisa do DCC;Buscar informações sobre os serviços oferecido pelo DCC","","Médio","As informações não estão centralizadas.","Sim","Interface compatível com dispositivos móveis;Informações relevantes sobre o departamento e colegiados","","Ruim","Interface não intuitiva","","","","","","","Sim",""
"2014/11/30 5:59:33 PM GMT","Eduardo Almeida","Professor(a) do DCC","As vezes","Buscar informações sobre a graduação/pós-graduação;Buscar informações sobre os projetos de pesquisa do DCC;Buscar informações sobre os serviços oferecido pelo DCC;Outros","Ve se alguma noticia foi inserida.","Médio","Informacoes de pesquisa dos grupos e professores/alunos do departamento","Sim","Integração com redes sociais;Informações relevantes sobre o departamento e colegiados;Outros","Padrão uniforme entre graduação e PG","Ruim","Interface não intuitiva;Não existir a opção desejada","Nao acho o modelo de wiki mais apropriado. ","Informacoes de pesquisa e conteudo das disciplinas ministradas (muito complicado para atualizar, principalmente, quando precisa de auxilio do graco)","","O principal problema e facilidade para atualizacao","Demorou para ser atendida","http://www.cs.cmu.edu/

http://www.cs.usc.edu/

http://www.cs.stanford.edu/

www.cin.ufpe.br
","Sim",""
"2014/12/01 2:47:38 AM GMT","Elder Pinelli","Estudante de Computação do DCC","Raramente","Saber como funciona os cursos de computação da UFBA;Buscar informações sobre a graduação/pós-graduação;Buscar informações sobre os projetos de pesquisa do DCC","Uma breve descrição sobre cada professor, link do lattes;
Planejamento do DCC;
Datas de reuniões, eventos e etc.","Médio","Área de contato","Nunca tentei","Informações relevantes sobre o departamento e colegiados","","","Outros","Nunca editei o site","","","","","","Sim",""
"2014/12/01 2:50:43 AM GMT","","Professor(a) do DCC","Raramente","Buscar informações sobre os serviços oferecido pelo DCC","","Baixo","não sei","Nunca tentei","","","","Outros","nenhuma","","","","","","Indiferente",""
"2014/12/01 2:54:37 AM GMT","Tatiane","Professor(a) do DCC","Sempre","Saber como funciona os cursos de computação da UFBA;Buscar informações sobre a graduação/pós-graduação;Buscar informações sobre os projetos de pesquisa do DCC;Buscar informações sobre os serviços oferecido pelo DCC","","Alto","Muita informação em um único tópico, como por exemplo o tópico ""Serviços"".","Sim","Informações relevantes sobre o departamento e colegiados","","Razoável","Interface não intuitiva;Requer conhecimento técnico","","","","","Foi atendida prontamente","Esse site: http://www.cs.mcgill.ca/, possui  um modelo interessante de menu com submenu. Observe o menu ""About"". Por outro lado, acho ele bastante carregado.

O site do ICMC estava também bem ultrapassado e com muitos problemas. Ele foi recentemente reformulado e ficou muito bom: http://www.icmc.usp.br/Portal/","Sim","Sinto falta de poder buscar um item por palavra-chave. Falta ""busca"" no site do DCC (ou não achei)."
"2014/12/01 11:45:54 AM GMT","ECIVALDO MATOS","Professor(a) do DCC","Sempre","Buscar informações sobre a graduação/pós-graduação;Buscar informações sobre os serviços oferecido pelo DCC;Outros","Ler as notícias do DCC, procurar dados de contatos administrativos e docentes. Ter acesso aos documentos e materiais sobre disciplinas.","Médio","Muitos cliques para encontrar alguma informação, especialmente sobre contatos administrativos relacionados aos cursos. Acesso por meio do smartphone.","Sim","Interface compatível com dispositivos móveis;Informações relevantes sobre o departamento e colegiados","","Razoável","Interface não intuitiva;Requer conhecimento técnico;Dificuldade em permissão de edição","","Notícias","","","Foi atendida prontamente","Posso passar depois. :-)","Sim",""
"2014/12/01 2:20:39 PM GMT","Ramon","Estudante de Computação do DCC","As vezes","Buscar informações sobre a graduação/pós-graduação","","Médio","algumas informações estão muito ocultas dentro do site.","Não","Interface compatível com dispositivos móveis","","Razoável","Não existir a opção desejada","","","","","","","Sim",""
"2014/12/01 2:39:33 PM GMT","Alirio Sá","Professor(a) do DCC","As vezes","Saber como funciona os cursos de computação da UFBA;Buscar informações sobre a graduação/pós-graduação","","Baixo","O site não tem um mecanismo de busca eficiente, normalmente pesquiso no google (restringindo para busca apenas no site dcc) para encontrar algumas informações relevantes que apontem para o site.","Não","Integração com redes sociais;Interface compatível com dispositivos móveis","","Ruim","Interface não intuitiva;Requer conhecimento técnico","","Perfil, Noticias","","Editor de texto html seguindo a filosofia WYSIWYG.
","Foi atendida prontamente","","Indiferente",""
"2014/12/01 4:11:07 PM GMT","","Estudante de Computação do DCC","As vezes","Buscar informações sobre a graduação/pós-graduação","","Médio","Falta de informação","Não","Informações relevantes sobre o departamento e colegiados","","","Outros","","","","","","","Sim",""
"2014/12/01 4:54:33 PM GMT","Vaninha","Professor(a) do DCC","Raramente","Saber como funciona os cursos de computação da UFBA;Buscar informações sobre a graduação/pós-graduação;Buscar informações sobre os projetos de pesquisa do DCC;Buscar informações sobre os serviços oferecido pelo DCC","Buscar informações sobre o corpo docente do DCC

Buscar info sobre o alumni do DCC. Onde foram parar os alunos formados pelo DCC

Acompanhar as notícias do DCC, eventos/palestras programados/realizados, e outras de interesse.

Atividades de extensão promovidos/apoiados pelo DCC.","Médio","Acho o site inicial MUITO poluído e pouco atraente.
","Não","Integração com redes sociais;Interface compatível com dispositivos móveis;Informações relevantes sobre o departamento e colegiados","","Bom","Interface não intuitiva;Requer conhecimento técnico;Dificuldade em permissão de edição","","Informações pessoais.
Notícias","","","","Interface geral - mais atraente
Mais imagens
","Sim",""
"2014/12/01 6:58:41 PM GMT","Arthur Gonçalves","Estudante de Computação do DCC","Raramente","Buscar informações sobre a graduação/pós-graduação","","Alto","Baixa usabilidade, o site não é intuitivo.","Não","Integração com redes sociais;Interface compatível com dispositivos móveis;Informações relevantes sobre o departamento e colegiados","","","Outros","Não utilizo","","","","","","Sim","O site possui esquema de cores muito ""ofensivo"" aos olhos, muito branco na tela. O layout é muito antiquado e não facilita a leitura. O menu deve ser mais claro para a navegação; dropdowns muito grandes, poderiam ser redistribuídos ou poderiam haver dois menus, um lateral e um na header."
"2014/12/01 8:09:02 PM GMT","Amanda","Estudante de Computação do DCC","Nunca","Outros","As informações que preciso estão no disciplinas.dcc.ufba.br","Médio","encontrar informações","Não","Informações relevantes sobre o departamento e colegiados","","Razoável","Não existir a opção desejada","","","","","","","Indiferente",""
"2014/12/02 3:43:11 AM GMT","Daniel ","Estudante de Computação do DCC","Raramente","Buscar informações sobre a graduação/pós-graduação","","Médio","O layout do site dos colégiados deveriam seguir o mesmo padrão que o do DCC mesmo que fossem mantidas as cores respectivas a cada colegiado.","Não","Integração com redes sociais;Interface compatível com dispositivos móveis;Informações relevantes sobre o departamento e colegiados;Outros","Maior divulgação das notícias não só relacionada a computação dentro do DCC mas como, onde e com quem (organizações e pessoas, universidades) os pesquisadores e processores do Departamento se relacionam.","Bom","Requer conhecimento técnico;Dificuldade em permissão de edição","","","","","Demorou para ser atendida","","Sim",""
"2014/12/02 5:24:51 PM GMT","Taiane Rodrigues","Estudante de Computação do DCC","As vezes","Buscar informações sobre a graduação/pós-graduação;Buscar informações sobre os projetos de pesquisa do DCC;Buscar informações sobre os serviços oferecido pelo DCC;Outros","Reserva de laboratório e contato dos professores.","Médio","A má distribuição das informações, logo na página inicial, aumenta a taxa de rejeição do site, por dificultar o trajeto visual de leitura. Os itens do menu são intuitivos, mas possuem problemas no ""hover"", o menu deve continuar com uma boa posição no site.","Não","Interface compatível com dispositivos móveis;Informações relevantes sobre o departamento e colegiados;Outros","Destaque para as notícias e eventos;
Melhor distribuição das informações na página inicial;
Informações sobre a InfoJr.","","Outros","","","","","","Melhor disposição das informações, um site limpo e agradável.
http://www.dcc.ufmg.br/dcc/ - Mesmo tendo alguns problemas de usabilidade, a parte dos conteúdos disponíveis é interessante.","Sim",""
"2014/12/02 5:25:28 PM GMT","","Estudante de Computação do DCC","As vezes","Saber como funciona os cursos de computação da UFBA;Buscar informações sobre a graduação/pós-graduação","","Médio","O acesso através do celular.","Nunca tentei","Integração com redes sociais;Interface compatível com dispositivos móveis;Informações relevantes sobre o departamento e colegiados","","Ruim","Lentidão;Interface não intuitiva","","","","","Nunca foi atendida","","Sim",""
"2014/12/02 6:45:22 PM GMT","Vinícius Pereira Dias","Estudante de Computação do DCC","Raramente","Saber como funciona os cursos de computação da UFBA;Buscar informações sobre a graduação/pós-graduação;Buscar informações sobre os projetos de pesquisa do DCC;Buscar informações sobre os serviços oferecido pelo DCC","","Médio","Falta clareza nas informações e é dificil navegar pelas páginas.","Sim","Interface compatível com dispositivos móveis;Informações relevantes sobre o departamento e colegiados","","","Outros","","","","","","","Sim",""
"2014/12/02 7:11:22 PM GMT","Philippe Correia","Estudante de Computação do DCC","Raramente","Buscar informações sobre a graduação/pós-graduação;Buscar informações sobre os serviços oferecido pelo DCC","","Médio","Algumas informações recorrentes são de difícil acesso.","Não","Interface compatível com dispositivos móveis;Informações relevantes sobre o departamento e colegiados","","","Outros","","","","","","Responsividade e fácil acesso a dados relevantes","Sim",""
"2014/12/02 10:44:20 PM GMT","","Estudante de Computação do DCC","Sempre","Buscar informações sobre a graduação/pós-graduação","","Médio","Dificil encontrar alguns conteúdos postados por professores.","Sim","Interface compatível com dispositivos móveis;Informações relevantes sobre o departamento e colegiados","","Razoável","Interface não intuitiva","","","","","","","Sim",""
"2014/12/02 10:45:32 PM GMT","Fernando","Estudante de Computação do DCC","Sempre","Buscar informações sobre a graduação/pós-graduação","","Médio","Em encontrar determinadas informações sobre as disciplinas.","Sim","Informações relevantes sobre o departamento e colegiados","","Razoável","Interface não intuitiva","","","","","","","Sim",""
"2014/12/02 10:46:18 PM GMT","Elvis Teles","Estudante de Computação do DCC","Raramente","Buscar informações sobre os serviços oferecido pelo DCC","","Médio","Encontrar documentos sobre os cursos","Sim","Interface compatível com dispositivos móveis;Informações relevantes sobre o departamento e colegiados","","Razoável","Interface não intuitiva","","","","","Foi atendida prontamente","","Indiferente",""
"2014/12/02 10:47:30 PM GMT","","Estudante de Computação do DCC","Raramente","Buscar informações sobre a graduação/pós-graduação;Buscar informações sobre os serviços oferecido pelo DCC","","Médio","O site poderia ter mais detalhes acerca dos eventos divulgados","Não","Integração com redes sociais;Interface compatível com dispositivos móveis;Informações relevantes sobre o departamento e colegiados;Outros","Uma área específica sobre apresentação de Projeto Final de curso dos alunos","Bom","Interface não intuitiva","","","","","","","Sim",""
"2014/12/02 10:48:00 PM GMT","Gustavo Graça Raña","Demais interessados no DCC","Raramente","Saber como funciona os cursos de computação da UFBA;Buscar informações sobre a graduação/pós-graduação","","Alto","A dificuldade de encontrar informações rapidamentes, geralmente tenho que procurar em varias paginas pra chegar ao que eu quero.","Nunca tentei","Integração com redes sociais;Interface compatível com dispositivos móveis;Informações relevantes sobre o departamento e colegiados","","Razoável","Interface não intuitiva","","","","","","","Sim",""
"2014/12/02 10:49:29 PM GMT","Marivaldo Bispo Rodrigues Junior","Estudante de Computação do DCC","Raramente","Saber como funciona os cursos de computação da UFBA;Buscar informações sobre a graduação/pós-graduação","","Médio","Encontrar documentos sobre o curso de computaçã: grade curricular vigente.","Nunca tentei","Interface compatível com dispositivos móveis","","Razoável","Interface não intuitiva","","","","","Foi atendida prontamente","Cada curso tem um site com interface diferente, poderia ser unificado, acredito que deixaria a experiência melhor.","Sim",""
"2014/12/02 10:53:17 PM GMT","Nanci","Estudante de Computação do DCC","As vezes","Buscar informações sobre a graduação/pós-graduação","","Baixo","-","Não","Interface compatível com dispositivos móveis","Divulgação de vagas de monitoria e IC. Seria interessante também uma parte de divulgação de eventos.","Bom","Requer conhecimento técnico","","","","","","","Sim","Os sites dos diferentes cursos poderiam ter um layout padronizado, mesmo com diferentes identidades visuais. Esse layout deveria fornecer um caminho padrão para acessar as informações essenciais de cada curso: grade curricular, ementas de disciplinas (pelo menos o caminho), aproveitamento de disciplinas, perfil do curso."
"2014/12/02 10:58:29 PM GMT","Gabriel","Estudante de Computação do DCC","As vezes","Buscar informações sobre a graduação/pós-graduação","","Médio","A parte visual não é intuitiva","Sim","Integração com redes sociais;Interface compatível com dispositivos móveis;Informações relevantes sobre o departamento e colegiados","","Bom","Lentidão;Interface não intuitiva","","","","","Foi atendida prontamente","","Sim","Acho que uma mudança significativa no layout seria de grande ajuda!"
"2014/12/02 10:59:12 PM GMT","","Estudante de Computação do DCC","Nunca","Saber como funciona os cursos de computação da UFBA;Buscar informações sobre a graduação/pós-graduação;Buscar informações sobre os projetos de pesquisa do DCC;Buscar informações sobre os serviços oferecido pelo DCC","","Alto","Dificuldade para encontrar informações e aparÊncia","Sim","Interface compatível com dispositivos móveis;Informações relevantes sobre o departamento e colegiados","","Ruim","Outros","Nunca usei o recurso de edição","","","","","","Sim",""
"2014/12/02 11:06:08 PM GMT","","Estudante de Computação do DCC","Raramente","Saber como funciona os cursos de computação da UFBA","","Médio","Site pouco intuitivo","Sim","Informações relevantes sobre o departamento e colegiados","","Razoável","Interface não intuitiva","","","","","","","Sim",""
"2014/12/03 12:12:47 AM GMT","Ygor Mutti","Estudante de Computação do DCC","Raramente","Saber como funciona os cursos de computação da UFBA;Buscar informações sobre a graduação/pós-graduação;Buscar informações sobre os serviços oferecido pelo DCC","","Baixo","Geralmente as informações que procuro não estão lá, e sim em outro site da UFBA (ou em nenhum).

O site do DCC seria mais útil pra mim se tivesse informações relativas a disciplinas oferecidas pelo departamento, como horário previsto, ementa atualizada, escalonamento de professores, etc.

Algumas partes do site parecem estar desatualizadas.","Não","Informações relevantes sobre o departamento e colegiados","","Bom","Dificuldade em permissão de edição","","","Não consigo editar pois minhas credenciais são rejeitadas na página de login, mas conheço o mecanismo de edição do FOSWIKI e gosto dele, principalmente por permitir usar sintaxe de wiki.","","","Vários aspectos visuais me desagradam: imagens com qualidade ruim (por exemplo, gráfico de timeline com artefatos do JPEG, quando deveria ter sido exportado como PNG ou GIF), bordas nativas do HTML dão um visual retrô ao site. O logo do DCC também não é muito bonito.","Sim",""
"2014/12/03 10:55:51 AM GMT","Tarcio Marinho","Estudante de Computação do DCC","Raramente","Buscar informações sobre a graduação/pós-graduação","","Baixo","Nenhuma","Não","","","","Outros","Nunca editei","","","","","","Indiferente",""
"2014/12/03 12:46:09 PM GMT","Felipe de Amorim Rabello","Estudante de Computação do DCC","Raramente","Outros","Procurar informações sobre os professores como: e-mail, número, material de estudo (por disciplina), etc.","Médio","Saber qual opção do menu me fará chegar até o que estou procurando.

Ex: Procurar o e-mail de tal professor","Nunca tentei","Integração com redes sociais;Interface compatível com dispositivos móveis;Informações relevantes sobre o departamento e colegiados;Outros","Falta uma maior clareza do que cada ponto trata. As opções e as informações dentro de cada opção são espalhadas de forma desorganizada.","","Outros","Nunca editei nada no site, faltou essa opção!","","","","","Interface amigável, de fácil acessibilidade, compatibilidade com dispositivos móveis. Disposição harmônica das informações, dos botões, das cores. Compartilhamento, através das redes sociais, de eventos, informações ou qualquer outra coisa que vise um público. Tutorial sobre o que podemos fazer no site, das permissões que podemos passar a ter. Constante atualização de informações. ","Sim",""
"2014/12/03 2:38:28 PM GMT","Kaio Porto","Estudante de Computação do DCC","Raramente","Buscar informações sobre a graduação/pós-graduação;Buscar informações sobre os projetos de pesquisa do DCC","","Médio","Má localização de informações, e falta das mesmas de forma mais específica ou precisa.","Sim","Interface compatível com dispositivos móveis;Informações relevantes sobre o departamento e colegiados","","","Outros","","","","","","Melhor divisão dos conteúdos, melhor visualização (noticias com imagens, etc).","Sim",""
"2014/12/03 7:50:28 PM GMT","Mateus","Estudante de Computação do DCC","Raramente","Saber como funciona os cursos de computação da UFBA;Buscar informações sobre a graduação/pós-graduação;Buscar informações sobre os projetos de pesquisa do DCC;Buscar informações sobre os serviços oferecido pelo DCC","","Médio","Disposição ruim dos dados.","Sim","Integração com redes sociais;Interface compatível com dispositivos móveis;Informações relevantes sobre o departamento e colegiados","","","Lentidão","","","","","","Reformulação do Layout, maiores interações.","Sim","Sugiro uma reformulação total do site"
"2014/12/03 9:06:02 PM GMT","Adriana Viriato Ribeiro","Estudante de Computação do DCC","As vezes","Buscar informações sobre a graduação/pós-graduação","","Baixo","Ao usar o site não encontro dificuldade. Mas uma coisa que poderia ser melhorada é o redirecionamento automático do site do MMCC para o do PGCOMP.","Nunca tentei","Outros","O site deveria ser mais organizado no que se refere à interface e conteúdo. Deveria haver um padrão nas informações que estão lá e que pertencem a uma mesma classe.","","Outros","","","","","","Padronizar o layout e o conteúdo do site. Por exemplo, ""Página Inicial"" fica acima da barra de menus, sendo que normalmente é o primeiro item do menu. 
Existem algumas páginas que não tem conteúdo algum, o usuário fica esperando carregar ou algo do tipo. Se não tem conteúdo, a falta de conteúdo deveria ser justificada. Por exemplo, as defesas que já ocorreram.
Existem algumas páginas faltando conteúdo, deveriam estar completas. Por exemplo, o nome do orientador na lista dos mestrandos.
Existem bugs que exibem codificação ao fazer buscas, isso deveria ser consertado.
","Sim",""
"2014/12/03 10:26:57 PM GMT","irailson fateicha","Estudante de Computação do DCC","Raramente","Saber como funciona os cursos de computação da UFBA;Buscar informações sobre a graduação/pós-graduação","","Médio","primeiro que a pagina inicial tem várias informações que meio que jogadas que eu não consigo saber o que são incialmente, ai eu vou procurar logo onde está as informações de meu curso. Quando entro no site de computação ai fica pior, poque é meio dificil de navegar na pagina.","Sim","Outros","o layout mais atrativo e intuitivo.","Razoável","Outros","n edito","não edito","nunca ultilizei","nunca editei","Nunca foi atendida","fazer com que ele seja mais intuitivo, tipo esse: http://designshack.net/articles/layouts/10-rock-solid-website-layout-examples/","Sim",""
"2014/12/03 11:16:25 PM GMT","fagner batista","Estudante de Computação do DCC","As vezes","Buscar informações sobre a graduação/pós-graduação","","Médio","Encontrar o que procura com faciclidade","Sim","Interface compatível com dispositivos móveis","","","Não existir a opção desejada","","","","","","","Sim",""
"2014/12/04 11:00:30 AM GMT","IGOR SOBRAL","Estudante de Computação do DCC","Raramente","Saber como funciona os cursos de computação da UFBA;Buscar informações sobre a graduação/pós-graduação;Buscar informações sobre os projetos de pesquisa do DCC;Buscar informações sobre os serviços oferecido pelo DCC","","Baixo","Não tenho dificuldades.","Não","Interface compatível com dispositivos móveis;Informações relevantes sobre o departamento e colegiados","","Razoável","Não existir a opção desejada","","","","","","","Sim",""
"2014/12/04 11:54:46 AM GMT","Hiolanda Murielle","Estudante de Computação do DCC","As vezes","Buscar informações sobre a graduação/pós-graduação;Buscar informações sobre os projetos de pesquisa do DCC","","Alto","O site não é muito claro, tenho dificuldades em achar alguns assuntos em especifico.","Não","Integração com redes sociais;Interface compatível com dispositivos móveis;Informações relevantes sobre o departamento e colegiados","","","Outros","","","","","","O site tem muita informação em uma pagina só, e  visualmente falando ele é ""feio"". Segue dois sites de outros departamentos, ambos são mais organizados.

http://www.dcc.ufmg.br/dcc/?q=pt-br
http://www.dcc.ufrj.br/","Sim","Melhorar o site do DCC irá fortalecer muito o curso em questão de visibilidade. Pode facilitar até interessados pelo curso, saber mais da área dentre outros.
Parabéns pela iniciativa!"
"2014/12/04 12:11:43 PM GMT","Ester Azevedo","Estudante de Computação do DCC","As vezes","Saber como funciona os cursos de computação da UFBA;Buscar informações sobre a graduação/pós-graduação;Outros","Informações sobre processos e sobre alterações no currículo.","Baixo","A dificuldade está na atualização das informações. Às vezes, eu procuro uma informação, mas a que consta no site está desatualizada e eu não sei se ainda é válida. Então eu recorro ao coordenador do curso, por email.","Não","Informações relevantes sobre o departamento e colegiados;Outros","Atualizações mais frequentes e feeds sobre eventos do curso.","","Não existir a opção desejada","","","","","","","Sim",""
"2014/12/04 12:16:09 PM GMT","João Pedro ","Estudante de Computação do DCC","As vezes","Buscar informações sobre a graduação/pós-graduação","","Alto","Os links não são logicamente claros.","Sim","Informações relevantes sobre o departamento e colegiados","","Ruim","Interface não intuitiva","","","","","","A organização lógica do site deve ser melhorada, muitas vezes o site te encaminha a outro site, isso não é bom. O site é visualmente desagradável.","Sim",""
"2014/12/04 1:51:40 PM GMT","George Lima","Professor(a) do DCC","As vezes","Buscar informações sobre a graduação/pós-graduação","Se o site fosse uma fonte de informações atualizadas, sobre pesquisa, extensão, publicações, etc, certamente eu o acessaria mais frequentemente. Acredito que manter o site atualizado não é tarefa simples, pois requer esforço de todos. ","Médio","O site não contém informações sobre publicação, projetos etc. Estas informações estão espalhadas nas páginas dos grupos de pesquisa e de pesquisadores. Este é o principal problema do site do DCC, na minha opinião. ","Não","Informações relevantes sobre o departamento e colegiados","","Bom","Lentidão","","","O fato de ser Wiki ajuda bastante","","Demorou para ser atendida","O design do site poderia ser melhorado (ajuda profissional?)
O conteúdo do site poderia ser melhorado (e bastante), o que requer esforço de todos, atividade de difícil coordenação e cobrança,","Sim","Os comentários anteriores refletem minha visão e críticas."
"2014/12/04 8:03:23 PM GMT","afonso almeida da silva","Estudante de Computação do DCC","As vezes","Buscar informações sobre os projetos de pesquisa do DCC;Buscar informações sobre os serviços oferecido pelo DCC;Outros","Pegar o nome dos professores para buscar o currículo lattes deles.","Médio","Nenhuma","Acho que o problema do site os outros sites(sub sites) de CC, SI e Licenciatura não são padronizados, acho que deveria haver uma padronização dos layouts deles.","Integração com redes sociais;Interface compatível com dispositivos móveis;Informações relevantes sobre o departamento e colegiados","","Bom","Outros","","","","","Foi atendida prontamente","","Indiferente",""
"2014/12/04 8:44:23 PM GMT","Gustavo Figueiredo","Professor(a) do DCC","Sempre","Buscar informações sobre a graduação/pós-graduação;Buscar informações sobre os serviços oferecido pelo DCC","","Baixo","Nenhum","Não","Integração com redes sociais;Interface compatível com dispositivos móveis;Informações relevantes sobre o departamento e colegiados","","Ruim","Interface não intuitiva;Requer conhecimento técnico;Dificuldade em permissão de edição","","Disciplinas","nenhum","Edição visual","Demorou para ser atendida","","Sim",""