INSERT INTO `tcc`.`usuario` (`ID`, `NOME`, `LOGIN`, `EMAIL`, `SENHA`, `TIPO`) VALUES ('1', 'Pri Luz', 'PriLuz', 'pri-luz@email.com', '1234', 'T');
INSERT INTO `tcc`.`usuario` (`ID`, `NOME`, `LOGIN`, `EMAIL`, `SENHA`, `TIPO`) VALUES ('2', 'Aluno', 'aluno', 'aluno@email.com', '1234', 'A');
INSERT INTO `tcc`.`usuario` (`ID`, `NOME`, `LOGIN`, `EMAIL`, `SENHA`, `TIPO`) VALUES ('3', 'Professor', 'professor', 'professor@email.com', '1234', 'P');


INSERT INTO `tcc`.`pergunta` (`ID`, `DESCRICAO`, `CATEGORIA`, `USUARIO_ID`, `JUSTIFICATIVA`, `TIPO`, `NIVEL`, `DICA`) 
					  VALUES ('1', 'Pergunta 1', 'P', '3', 'Justificatica 1', 'ME', 'F', 'Dica 1');
INSERT INTO `tcc`.`resposta` (`ID`, `DESCRICAO`, `CORRETA`, `PERGUNTA_ID`) VALUES ('1', 'Opções 1 Pergunta 1', 'N', '1');
INSERT INTO `tcc`.`resposta` (`ID`, `DESCRICAO`, `CORRETA`, `PERGUNTA_ID`) VALUES ('2', 'Opções 2 Pergunta 1', 'N', '1');
INSERT INTO `tcc`.`resposta` (`ID`, `DESCRICAO`, `CORRETA`, `PERGUNTA_ID`) VALUES ('3', 'Correta - Opções 3 Pergunta 1', 'S', '1');
INSERT INTO `tcc`.`resposta` (`ID`, `DESCRICAO`, `CORRETA`, `PERGUNTA_ID`) VALUES ('4', 'Opções 4 Pergunta 1', 'N', '1');
INSERT INTO `tcc`.`resposta` (`ID`, `DESCRICAO`, `CORRETA`, `PERGUNTA_ID`) VALUES ('5', 'Opções 5 Pergunta 1', 'N', '1');

INSERT INTO `tcc`.`pergunta` (`ID`, `DESCRICAO`, `CATEGORIA`, `USUARIO_ID`, `JUSTIFICATIVA`, `TIPO`, `NIVEL`, `DICA`) 
					  VALUES ('2', 'Pergunta 2', 'P', '3', 'Justificatica 2', 'ME', 'D', 'Dica 2');
INSERT INTO `tcc`.`resposta` (`ID`, `DESCRICAO`, `CORRETA`, `PERGUNTA_ID`) VALUES ('6', 'Opções 1 Pergunta 2', 'N', '2');
INSERT INTO `tcc`.`resposta` (`ID`, `DESCRICAO`, `CORRETA`, `PERGUNTA_ID`) VALUES ('7', 'Correta - Opções 2 Pergunta 2', 'S', '2');
INSERT INTO `tcc`.`resposta` (`ID`, `DESCRICAO`, `CORRETA`, `PERGUNTA_ID`) VALUES ('8', 'Opções 3 Pergunta 2', 'N', '2');
INSERT INTO `tcc`.`resposta` (`ID`, `DESCRICAO`, `CORRETA`, `PERGUNTA_ID`) VALUES ('9', 'Opções 4 Pergunta 2', 'N', '2');
INSERT INTO `tcc`.`resposta` (`ID`, `DESCRICAO`, `CORRETA`, `PERGUNTA_ID`) VALUES ('10', 'Opções 5 Pergunta 2', 'N', '2');

INSERT INTO `tcc`.`pergunta` (`ID`, `DESCRICAO`, `CATEGORIA`, `USUARIO_ID`, `JUSTIFICATIVA`, `TIPO`, `NIVEL`, `DICA`) 
					  VALUES ('3', 'Pergunta 3', 'P', '3', 'Justificatica 3', 'ME', 'F', 'Dica 3');
INSERT INTO `tcc`.`resposta` (`ID`, `DESCRICAO`, `CORRETA`, `PERGUNTA_ID`) VALUES ('11', 'Opções 1 Pergunta 3', 'N', '3');
INSERT INTO `tcc`.`resposta` (`ID`, `DESCRICAO`, `CORRETA`, `PERGUNTA_ID`) VALUES ('12', 'Correta - Opções 2 Pergunta 3', 'S', '3');
INSERT INTO `tcc`.`resposta` (`ID`, `DESCRICAO`, `CORRETA`, `PERGUNTA_ID`) VALUES ('13', 'Opções 3 Pergunta 3', 'N', '3');
INSERT INTO `tcc`.`resposta` (`ID`, `DESCRICAO`, `CORRETA`, `PERGUNTA_ID`) VALUES ('14', 'Opções 4 Pergunta 3', 'N', '3');
INSERT INTO `tcc`.`resposta` (`ID`, `DESCRICAO`, `CORRETA`, `PERGUNTA_ID`) VALUES ('15', 'Opções 5 Pergunta 3', 'N', '3');

INSERT INTO `tcc`.`pergunta` (`ID`, `DESCRICAO`, `CATEGORIA`, `USUARIO_ID`, `JUSTIFICATIVA`, `TIPO`, `NIVEL`, `DICA`) 
					  VALUES ('4', 'Pergunta 4', 'P', '3', 'Justificatica 4', 'ME', 'D', 'Dica 4');
INSERT INTO `tcc`.`resposta` (`ID`, `DESCRICAO`, `CORRETA`, `PERGUNTA_ID`) VALUES ('16', 'Correta - Opções 1 Pergunta 4', 'S', '4');
INSERT INTO `tcc`.`resposta` (`ID`, `DESCRICAO`, `CORRETA`, `PERGUNTA_ID`) VALUES ('17', 'Opções 2 Pergunta 4', 'N', '4');
INSERT INTO `tcc`.`resposta` (`ID`, `DESCRICAO`, `CORRETA`, `PERGUNTA_ID`) VALUES ('18', 'Opções 3 Pergunta 4', 'N', '4');
INSERT INTO `tcc`.`resposta` (`ID`, `DESCRICAO`, `CORRETA`, `PERGUNTA_ID`) VALUES ('19', 'Opções 4 Pergunta 4', 'N', '4');
INSERT INTO `tcc`.`resposta` (`ID`, `DESCRICAO`, `CORRETA`, `PERGUNTA_ID`) VALUES ('20', 'Opções 5 Pergunta 4', 'N', '4');

INSERT INTO `tcc`.`pergunta` (`ID`, `DESCRICAO`, `CATEGORIA`, `USUARIO_ID`, `JUSTIFICATIVA`, `TIPO`, `NIVEL`, `DICA`) 
					  VALUES ('5', 'Pergunta 5', 'P', '3', 'Justificatica 5', 'ME', 'F', 'Dica 5');
INSERT INTO `tcc`.`resposta` (`ID`, `DESCRICAO`, `CORRETA`, `PERGUNTA_ID`) VALUES ('21', 'Opções 1 Pergunta 5', 'N', '5');
INSERT INTO `tcc`.`resposta` (`ID`, `DESCRICAO`, `CORRETA`, `PERGUNTA_ID`) VALUES ('22', 'Opções 2 Pergunta 5', 'N', '5');
INSERT INTO `tcc`.`resposta` (`ID`, `DESCRICAO`, `CORRETA`, `PERGUNTA_ID`) VALUES ('23', 'Opções 3 Pergunta 5', 'N', '5');
INSERT INTO `tcc`.`resposta` (`ID`, `DESCRICAO`, `CORRETA`, `PERGUNTA_ID`) VALUES ('24', 'Opções 4 Pergunta 5', 'N', '5');
INSERT INTO `tcc`.`resposta` (`ID`, `DESCRICAO`, `CORRETA`, `PERGUNTA_ID`) VALUES ('25', 'Correta - Opções 5 Pergunta 5', 'S', '5');

INSERT INTO `tcc`.`pergunta` (`ID`, `DESCRICAO`, `CATEGORIA`, `USUARIO_ID`, `JUSTIFICATIVA`, `TIPO`, `NIVEL`, `DICA`) 
					  VALUES ('6', 'Pergunta 6', 'P', '3', 'Justificatica 6', 'ME', 'D', 'Dica 6');
INSERT INTO `tcc`.`resposta` (`ID`, `DESCRICAO`, `CORRETA`, `PERGUNTA_ID`) VALUES ('26', 'Opções 1 Pergunta 6', 'N', '6');
INSERT INTO `tcc`.`resposta` (`ID`, `DESCRICAO`, `CORRETA`, `PERGUNTA_ID`) VALUES ('27', 'Opções 2 Pergunta 6', 'N', '6');
INSERT INTO `tcc`.`resposta` (`ID`, `DESCRICAO`, `CORRETA`, `PERGUNTA_ID`) VALUES ('28', 'Opções 3 Pergunta 6', 'N', '6');
INSERT INTO `tcc`.`resposta` (`ID`, `DESCRICAO`, `CORRETA`, `PERGUNTA_ID`) VALUES ('29', 'Opções 4 Pergunta 6', 'N', '6');
INSERT INTO `tcc`.`resposta` (`ID`, `DESCRICAO`, `CORRETA`, `PERGUNTA_ID`) VALUES ('30', 'Correta - Opções 5 Pergunta 6', 'S', '6');

INSERT INTO `tcc`.`pergunta` (`ID`, `DESCRICAO`, `CATEGORIA`, `USUARIO_ID`, `JUSTIFICATIVA`, `TIPO`, `NIVEL`, `DICA`) 
					  VALUES ('7', 'Pergunta 7', 'P', '3', 'Justificatica 7', 'ME', 'F', 'Dica 7');
INSERT INTO `tcc`.`resposta` (`ID`, `DESCRICAO`, `CORRETA`, `PERGUNTA_ID`) VALUES ('31', 'Opções 1 Pergunta 7', 'N', '7');
INSERT INTO `tcc`.`resposta` (`ID`, `DESCRICAO`, `CORRETA`, `PERGUNTA_ID`) VALUES ('32', 'Opções 2 Pergunta 7', 'N', '7');
INSERT INTO `tcc`.`resposta` (`ID`, `DESCRICAO`, `CORRETA`, `PERGUNTA_ID`) VALUES ('33', 'Opções 3 Pergunta 7', 'N', '7');
INSERT INTO `tcc`.`resposta` (`ID`, `DESCRICAO`, `CORRETA`, `PERGUNTA_ID`) VALUES ('34', 'Correta - Opções 4 Pergunta 7', 'S', '7');
INSERT INTO `tcc`.`resposta` (`ID`, `DESCRICAO`, `CORRETA`, `PERGUNTA_ID`) VALUES ('35', 'Opções 5 Pergunta 7', 'N', '7');

INSERT INTO `tcc`.`pergunta` (`ID`, `DESCRICAO`, `CATEGORIA`, `USUARIO_ID`, `JUSTIFICATIVA`, `TIPO`, `NIVEL`, `DICA`) 
					  VALUES ('8', 'Pergunta 8', 'P', '3', 'Justificatica 8', 'ME', 'D', 'Dica 8');
INSERT INTO `tcc`.`resposta` (`ID`, `DESCRICAO`, `CORRETA`, `PERGUNTA_ID`) VALUES ('36', 'Opções 1 Pergunta 8', 'N', '8');
INSERT INTO `tcc`.`resposta` (`ID`, `DESCRICAO`, `CORRETA`, `PERGUNTA_ID`) VALUES ('37', 'Opções 2 Pergunta 8', 'N', '8');
INSERT INTO `tcc`.`resposta` (`ID`, `DESCRICAO`, `CORRETA`, `PERGUNTA_ID`) VALUES ('38', 'Opções 3 Pergunta 8', 'N', '8');
INSERT INTO `tcc`.`resposta` (`ID`, `DESCRICAO`, `CORRETA`, `PERGUNTA_ID`) VALUES ('39', 'Correta - Opções 4 Pergunta 8', 'S', '8');
INSERT INTO `tcc`.`resposta` (`ID`, `DESCRICAO`, `CORRETA`, `PERGUNTA_ID`) VALUES ('40', 'Opções 5 Pergunta 8', 'N', '8');

INSERT INTO `tcc`.`pergunta` (`ID`, `DESCRICAO`, `CATEGORIA`, `USUARIO_ID`, `JUSTIFICATIVA`, `TIPO`, `NIVEL`, `DICA`) 
					  VALUES ('9', 'Pergunta 9', 'P', '3', 'Justificatica 9', 'ME', 'F', 'Dica 9');
INSERT INTO `tcc`.`resposta` (`ID`, `DESCRICAO`, `CORRETA`, `PERGUNTA_ID`) VALUES ('41', 'Correta - Opções 1 Pergunta 9', 'S', '9');
INSERT INTO `tcc`.`resposta` (`ID`, `DESCRICAO`, `CORRETA`, `PERGUNTA_ID`) VALUES ('42', 'Opções 2 Pergunta 9', 'N', '9');
INSERT INTO `tcc`.`resposta` (`ID`, `DESCRICAO`, `CORRETA`, `PERGUNTA_ID`) VALUES ('43', 'Opções 3 Pergunta 9', 'N', '9');
INSERT INTO `tcc`.`resposta` (`ID`, `DESCRICAO`, `CORRETA`, `PERGUNTA_ID`) VALUES ('44', 'Opções 4 Pergunta 9', 'N', '9');
INSERT INTO `tcc`.`resposta` (`ID`, `DESCRICAO`, `CORRETA`, `PERGUNTA_ID`) VALUES ('45', 'Opções 5 Pergunta 9', 'N', '9');

INSERT INTO `tcc`.`pergunta` (`ID`, `DESCRICAO`, `CATEGORIA`, `USUARIO_ID`, `JUSTIFICATIVA`, `TIPO`, `NIVEL`, `DICA`) 
					  VALUES ('10', 'Pergunta 10', 'P', '3', 'Justificatica 10', 'ME', 'D', 'Dica 10');
INSERT INTO `tcc`.`resposta` (`ID`, `DESCRICAO`, `CORRETA`, `PERGUNTA_ID`) VALUES ('46', 'Opções 1 Pergunta 10', 'N', '10');
INSERT INTO `tcc`.`resposta` (`ID`, `DESCRICAO`, `CORRETA`, `PERGUNTA_ID`) VALUES ('47', 'Correta - Opções 2 Pergunta 10', 'S', '10');
INSERT INTO `tcc`.`resposta` (`ID`, `DESCRICAO`, `CORRETA`, `PERGUNTA_ID`) VALUES ('48', 'Opções 3 Pergunta 10', 'N', '10');
INSERT INTO `tcc`.`resposta` (`ID`, `DESCRICAO`, `CORRETA`, `PERGUNTA_ID`) VALUES ('49', 'Opções 4 Pergunta 10', 'N', '10');
INSERT INTO `tcc`.`resposta` (`ID`, `DESCRICAO`, `CORRETA`, `PERGUNTA_ID`) VALUES ('50', 'Opções 5 Pergunta 10', 'N', '10');

INSERT INTO `tcc`.`pergunta` (`ID`, `DESCRICAO`, `CATEGORIA`, `USUARIO_ID`, `JUSTIFICATIVA`, `TIPO`, `NIVEL`, `DICA`) 
					  VALUES ('11', 'Pergunta 11 - Resposta: Água', 'P', '3', 'Justificatica 11', 'CL', 'D', 'Dica 11');
INSERT INTO `tcc`.`resposta` (`ID`, `DESCRICAO`, `CORRETA`, `PERGUNTA_ID`) VALUES ('51', 'Água', 'S', '11');

INSERT INTO `tcc`.`pergunta` (`ID`, `DESCRICAO`, `CATEGORIA`, `USUARIO_ID`, `JUSTIFICATIVA`, `TIPO`, `NIVEL`, `DICA`) 
					  VALUES ('12', 'Pergunta 12 - Resposta: Computador', 'P', '3', 'Justificatica 12', 'CL', 'D', 'Dica 12');
INSERT INTO `tcc`.`resposta` (`ID`, `DESCRICAO`, `CORRETA`, `PERGUNTA_ID`) VALUES ('52', 'Computador', 'S', '12');

INSERT INTO `tcc`.`pergunta` (`ID`, `DESCRICAO`, `CATEGORIA`, `USUARIO_ID`, `JUSTIFICATIVA`, `TIPO`, `NIVEL`, `DICA`) 
					  VALUES ('13', 'Pergunta 13 - Resposta: Clonar', 'P', '3', 'Justificatica 13', 'CL', 'D', 'Dica 13');
INSERT INTO `tcc`.`resposta` (`ID`, `DESCRICAO`, `CORRETA`, `PERGUNTA_ID`) VALUES ('53', 'Clonar', 'S', '13');

INSERT INTO `tcc`.`pergunta` (`ID`, `DESCRICAO`, `CATEGORIA`, `USUARIO_ID`, `JUSTIFICATIVA`, `TIPO`, `NIVEL`, `DICA`) 
					  VALUES ('14', 'Pergunta 14 - Resposta: Maca', 'P', '3', 'Justificatica 14', 'CL', 'D', 'Dica 14');
INSERT INTO `tcc`.`resposta` (`ID`, `DESCRICAO`, `CORRETA`, `PERGUNTA_ID`) VALUES ('54', 'Maca', 'S', '14');

INSERT INTO `tcc`.`pergunta` (`ID`, `DESCRICAO`, `CATEGORIA`, `USUARIO_ID`, `JUSTIFICATIVA`, `TIPO`, `NIVEL`, `DICA`) 
					  VALUES ('15', 'Pergunta 15 - Resposta: Facilidade', 'P', '3', 'Justificatica 15', 'CL', 'D', 'Dica 15');
INSERT INTO `tcc`.`resposta` (`ID`, `DESCRICAO`, `CORRETA`, `PERGUNTA_ID`) VALUES ('55', 'Facilidade', 'S', '15');

INSERT INTO `tcc`.`pergunta` (`ID`, `DESCRICAO`, `CATEGORIA`, `USUARIO_ID`, `JUSTIFICATIVA`, `TIPO`, `NIVEL`, `DICA`) 
					  VALUES ('16', 'Pergunta 16 - Resposta: Comunicação', 'P', '3', 'Justificatica 16', 'CL', 'D', 'Dica 16');
INSERT INTO `tcc`.`resposta` (`ID`, `DESCRICAO`, `CORRETA`, `PERGUNTA_ID`) VALUES ('56', 'Comunicação', 'S', '16');

INSERT INTO `tcc`.`pergunta` (`ID`, `DESCRICAO`, `CATEGORIA`, `USUARIO_ID`, `JUSTIFICATIVA`, `TIPO`, `NIVEL`, `DICA`) 
					  VALUES ('17', 'Pergunta 17 - Resposta: House', 'P', '3', 'Justificatica 17', 'CL', 'D', 'Dica 17');
INSERT INTO `tcc`.`resposta` (`ID`, `DESCRICAO`, `CORRETA`, `PERGUNTA_ID`) VALUES ('57', 'House', 'S', '17');

INSERT INTO `tcc`.`pergunta` (`ID`, `DESCRICAO`, `CATEGORIA`, `USUARIO_ID`, `JUSTIFICATIVA`, `TIPO`, `NIVEL`, `DICA`) 
					  VALUES ('18', 'Pergunta 18 - Resposta: Celular', 'P', '3', 'Justificatica 18', 'CL', 'D', 'Dica 18');
INSERT INTO `tcc`.`resposta` (`ID`, `DESCRICAO`, `CORRETA`, `PERGUNTA_ID`) VALUES ('58', 'Celular', 'S', '18');

INSERT INTO `tcc`.`pergunta` (`ID`, `DESCRICAO`, `CATEGORIA`, `USUARIO_ID`, `JUSTIFICATIVA`, `TIPO`, `NIVEL`, `DICA`) 
					  VALUES ('19', 'Pergunta 19 - Resposta: Espelho', 'P', '3', 'Justificatica 19', 'CL', 'D', 'Dica 19');
INSERT INTO `tcc`.`resposta` (`ID`, `DESCRICAO`, `CORRETA`, `PERGUNTA_ID`) VALUES ('59', 'Espelho', 'S', '19');


INSERT INTO `tcc`.`curso` (`ID`, `NOME`, `ASSUNTO_GERAL`, `COD_ACESSO`, `CATEGORIA`, `USUARIO_ID`, `SITUACAO`) VALUES ('1', 'Lorem Ipsum é simplesmente Lorem Ipsum é simp', 'Lorem Ipsum é simplesmente uma simulação de texto da indústria tipográfica e de impressos, e vem sendo utilizado desde o século XVI, quando um impressor desconhecido pegou uma bandeja de tipos e os embaralhou para fazer um livro de modelos de tipos. Lorem Ipsum sobreviveu não só a cinco séculos, como também ao salto para a editoração eletrônica, permanecendo essencialmente inalterado. Se popularizou na década de 60, quando a Letraset lançou decalques contendo passagens de Lorem Ipsum, e mais recentemente quando passou a ser integrado a softwares de editoração eletrônica como Aldus PageMaker.', 'AAAAA12345', 'P', '3', 'C');

INSERT INTO `tcc`.`etapa` (`ID`, `ASSUNTO`, `NIVEL`, `JOGO`, `CURSO_ID`) VALUES ('1', 'É um fato conhecido de todos que um leitor se distrairá com o conteúdo de texto legível de uma página quando estiver examinando sua diagramação. A vantagem de usar Lorem Ipsum é que ele tem uma distribuição normal de letras, ao contrário de \"Conteúdo aqui, conteúdo aqui\", fazendo com que ele tenha uma aparência similar a de um texto legível. Muitos softwares de publicação e editores de páginas na internet agora usam Lorem Ipsum como texto-modelo padrão, e uma rápida busca por \'lorem ipsum\' mostra vários websites ainda em sua fase de construção. Várias versões novas surgiram ao longo dos anos, eventualmente por acidente, e às vezes de propósito (injetando humor, e coisas do gênero).', '1', 'A', '1');
INSERT INTO `tcc`.`etapa` (`ID`, `ASSUNTO`, `NIVEL`, `JOGO`, `CURSO_ID`) VALUES ('2', 'Ao contrário do que se acredita, Lorem Ipsum não é simplesmente um texto randômico. Com mais de 2000 anos, suas raízes podem ser encontradas em uma obra de literatura latina clássica datada de 45 AC. Richard McClintock, um professor de latim do Hampden-Sydney College na Virginia, pesquisou uma das mais obscuras palavras em latim, consectetur, oriunda de uma passagem de Lorem Ipsum, e, procurando por entre citações da palavra na literatura clássica, descobriu a sua indubitável origem. Lorem Ipsum vem das seções 1.10.32 e 1.10.33 do \"de Finibus Bonorum et Malorum\" (Os Extremos do Bem e do Mal), de Cícero, escrito em 45 AC. Este livro é um tratado de teoria da ética muito popular na época da Renascença. A primeira linha de Lorem Ipsum, \"Lorem Ipsum dolor sit amet...\" vem de uma linha na seção 1.10.32.', '2', 'F', '1');
INSERT INTO `tcc`.`etapa` (`ID`, `ASSUNTO`, `NIVEL`, `JOGO`, `CURSO_ID`) VALUES ('3', 'O trecho padrão original de Lorem Ipsum, usado desde o século XVI, está reproduzido abaixo para os interessados. Seções 1.10.32 e 1.10.33 de \"de Finibus Bonorum et Malorum\" de Cicero também foram reproduzidas abaixo em sua forma exata original, acompanhada das versões para o inglês da tradução feita por H. Rackham em 1914.\nO trecho padrão original de Lorem Ipsum, usado desde o século XVI, está reproduzido abaixo para os interessados. Seções 1.10.32 e 1.10.33 de \"de Finibus Bonorum et Malorum\" de Cicero também foram reproduzidas abaixo em sua forma exata original, acompanhada das versões para o inglês da tradução feita por H. Rackham em 1914.\nO trecho padrão original de Lorem Ipsum, usado desde o século XVI, está reproduzido abaixo para os interessados. Seções 1.10.32 e 1.10.33 de \"de Finibus Bonorum et Malorum\" de Cicero também foram reproduzidas abaixo em sua forma exata original, acompanhada das versões para o inglês da tradução feita por H. Rackham em 1914.\nO trecho padrão originald', '3', 'C', '1');
INSERT INTO `tcc`.`etapa` (`ID`, `ASSUNTO`, `NIVEL`, `JOGO`, `CURSO_ID`) VALUES ('4', 'Porque nós o usamos?\nÉ um fato conhecido de todos que um leitor se distrairá com o conteúdo de texto legível de uma página quando estiver examinando sua diagramação. A vantagem de usar Lorem Ipsum é que ele tem uma distribuição normal de letras, ao contrário de \"Conteúdo aqui, conteúdo aqui\", fazendo com que ele tenha uma aparência similar a de um texto legível. Muitos softwares de publicação e editores de páginas na internet agora usam Lorem Ipsum como texto-modelo padrão, e uma rápida busca por \'lorem ipsum\' mostra vários websites ainda em sua fase de construção. Várias versões novas surgiram ao longo dos anos, eventualmente por acidente, e às vezes de propósito (injetando humor, e coisas do gênero).Porque nós o usamos?\nÉ um fato conhecido de todos que um leitor se distrairá com o conteúdo de texto legível de uma página quando estiver examinando sua diagramação. A vantagem de usar Lorem Ipsum é que ele tem uma distribuição normal de letras, ao contrário de \"Conteúdo aqui, conteúdo aq', '4', 'Q', '1');
INSERT INTO `tcc`.`etapa` (`ID`, `ASSUNTO`, `NIVEL`, `JOGO`, `CURSO_ID`) VALUES ('5', 'Onde posso conseguí-lo?\nExistem muitas variações disponíveis de passagens de Lorem Ipsum, mas a maioria sofreu algum tipo de alteração, seja por inserção de passagens com humor, ou palavras aleatórias que não parecem nem um pouco convincentes. Se você pretende usar uma passagem de Lorem Ipsum, precisa ter certeza de que não há algo embaraçoso escrito escondido no meio do texto. Todos os geradores de Lorem Ipsum na internet tendem a repetir pedaços predefinidos conforme necessário, fazendo deste o primeiro gerador de Lorem Ipsum autêntico da internet. Ele usa um dicionário com mais de 200 palavras em Latim combinado com um punhado de modelos de estrutura de frases para gerar um Lorem Ipsum com aparência razoável, livre de repetições, inserções de humor, palavras não características, etc.Onde posso conseguí-lo?\nExistem muitas variações disponíveis de passagens de Lorem Ipsum, mas a maioria sofreu algum tipo de alteração, seja por inserção de passagens com humor, ou palavras aleatórias qu', '5', 'F', '1');
INSERT INTO `tcc`.`etapa` (`ID`, `ASSUNTO`, `NIVEL`, `JOGO`, `CURSO_ID`) VALUES ('6', 'Passagem padrão original de Lorem Ipsum, usada desde o século XVI.\n\n\"Lorem ipsum dolor sit amet, consectetur adipiscing elit, sed do eiusmod tempor incididunt ut labore et dolore magna aliqua. Ut enim ad minim veniam, quis nostrud exercitation ullamco laboris nisi ut aliquip ex ea commodo consequat. Duis aute irure dolor in reprehenderit in voluptate velit esse cillum dolore eu fugiat nulla pariatur. Excepteur sint occaecat cupidatat non proident, sunt in culpa qui officia deserunt mollit anim id est laborum.\"Passagem padrão original de Lorem Ipsum, usada desde o século XVI.\n\n\"Lorem ipsum dolor sit amet, consectetur adipiscing elit, sed do eiusmod tempor incididunt ut labore et dolore magna aliqua. Ut enim ad minim veniam, quis nostrud exercitation ullamco laboris nisi ut aliquip ex ea commodo consequat. Duis aute irure dolor in reprehenderit in voluptate velit esse cillum dolore eu fugiat nulla pariatur. Excepteur sint occaecat cupidatat non proident, sunt in culpa qui officia deserun', '6', 'C', '1');
INSERT INTO `tcc`.`etapa` (`ID`, `ASSUNTO`, `NIVEL`, `JOGO`, `CURSO_ID`) VALUES ('7', 'Seção 1.10.32 de \"de Finibus Bonorum et Malorum\", escrita por Cícero em 45 AC\n\n\"Sed ut perspiciatis unde omnis iste natus error sit voluptatem accusantium doloremque laudantium, totam rem aperiam, eaque ipsa quae ab illo inventore veritatis et quasi architecto beatae vitae dicta sunt explicabo. Nemo enim ipsam voluptatem quia voluptas sit aspernatur aut odit aut fugit, sed quia consequuntur magni dolores eos qui ratione voluptatem sequi nesciunt. Neque porro quisquam est, qui dolorem ipsum quia dolor sit amet, consectetur, adipisci velit, sed quia non numquam eius modi tempora incidunt ut labore et dolore magnam aliquam quaerat voluptatem. Ut enim ad minima veniam, quis nostrum exercitationem ullam corporis suscipit laboriosam, nisi ut aliquid ex ea commodi consequatur? Quis autem vel eum iure reprehenderit qui in ea voluptate velit esse quam nihil molestiae consequatur, vel illum qui dolorem eum fugiat quo voluptas nulla pariatur?\"Seção 1.10.32 de \"de Finibus Bonorum et Malorum\", escr', '7', 'Q', '1');
INSERT INTO `tcc`.`etapa` (`ID`, `ASSUNTO`, `NIVEL`, `JOGO`, `CURSO_ID`) VALUES ('8', 'Tradução para o inglês por H. Rackha, feita em 1914\n\n\"But I must explain to you how all this mistaken idea of denouncing pleasure and praising pain was born and I will give you a complete account of the system, and expound the actual teachings of the great explorer of the truth, the master-builder of human happiness. No one rejects, dislikes, or avoids pleasure itself, because it is pleasure, but because those who do not know how to pursue pleasure rationally encounter consequences that are extremely painful. Nor again is there anyone who loves or pursues or desires to obtain pain of itself, because it is pain, but because occasionally circumstances occur in which toil and pain can procure him some great pleasure. To take a trivial example, which of us ever undertakes laborious physical exercise, except to obtain some advantage from it? But who has any right to find fault with a man who chooses to enjoy a pleasure that has no annoying consequences, or one who avoids a pain that produce', '8', 'A', '1');
INSERT INTO `tcc`.`etapa` (`ID`, `ASSUNTO`, `NIVEL`, `JOGO`, `CURSO_ID`) VALUES ('9', 'Seção 1.10.33 de \"de Finibus Bonorum et Malorum\", escrita por Cícero em 45 AC\n\n\"At vero eos et accusamus et iusto odio dignissimos ducimus qui blanditiis praesentium voluptatum deleniti atque corrupti quos dolores et quas molestias excepturi sint occaecati cupiditate non provident, similique sunt in culpa qui officia deserunt mollitia animi, id est laborum et dolorum fuga. Et harum quidem rerum facilis est et expedita distinctio. Nam libero tempore, cum soluta nobis est eligendi optio cumque nihil impedit quo minus id quod maxime placeat facere possimus, omnis voluptas assumenda est, omnis dolor repellendus. Temporibus autem quibusdam et aut officiis debitis aut rerum necessitatibus saepe eveniet ut et voluptates repudiandae sint et molestiae non recusandae. Itaque earum rerum hic tenetur a sapiente delectus, ut aut reiciendis voluptatibus maiores alias consequatur aut perferendis doloribus asperiores repellat.\"\nSeção 1.10.33 de \"de Finibus Bonorum et Malorum\", escrita por Cícero em 45', '9', 'F', '1');
INSERT INTO `tcc`.`etapa` (`ID`, `ASSUNTO`, `NIVEL`, `JOGO`, `CURSO_ID`) VALUES ('10', 'Tradução para o inglês por H. Rackha, feita em 1914\n\n\"On the other hand, we denounce with righteous indignation and dislike men who are so beguiled and demoralized by the charms of pleasure of the moment, so blinded by desire, that they cannot foresee the pain and trouble that are bound to ensue; and equal blame belongs to those who fail in their duty through weakness of will, which is the same as saying through shrinking from toil and pain. These cases are perfectly simple and easy to distinguish. In a free hour, when our power of choice is untrammelled and when nothing prevents our being able to do what we like best, every pleasure is to be welcomed and every pain avoided. But in certain circumstances and owing to the claims of duty or the obligations of business it will frequently occur that pleasures have to be repudiated and annoyances accepted. The wise man therefore always holds in these matters to this principle of selection: he rejects pleasures to secure other greater pleasur', '10', 'F', '1');
INSERT INTO `tcc`.`etapa` (`ID`, `ASSUNTO`, `NIVEL`, `JOGO`, `CURSO_ID`) VALUES ('11', '¿Qué es Lorem Ipsum? ¿Qué es Lorem Ipsum? ¿Qué es Lorem Ipsum? ¿Qué es Lorem Ipsum? ¿Qué es Lorem Ipsum? ¿Qué es Lorem Ipsum? ¿Qué es Lorem Ipsum? ¿Qué es Lorem Ipsum? ¿Qué es Lorem Ipsum? ¿Qué es Lorem Ipsum? ¿Qué es Lorem Ipsum? ¿Qué es Lorem Ipsum? ¿Qué es Lorem Ipsum? ¿Qué es Lorem Ipsum? ¿Qué es Lorem Ipsum? ¿Qué es Lorem Ipsum? ¿Qué es Lorem Ipsum? ¿Qué es Lorem Ipsum? ¿Qué es Lorem Ipsum? ¿Qué es Lorem Ipsum? ¿Qué es Lorem Ipsum? ¿Qué es Lorem Ipsum? ¿Qué es Lorem Ipsum? ¿Qué es Lorem Ipsum? ¿Qué es Lorem Ipsum? ¿Qué es Lorem Ipsum? ¿Qué es Lorem Ipsum? ¿Qué es Lorem Ipsum? ¿Qué es Lorem Ipsum? ¿Qué es Lorem Ipsum? ¿Qué es Lorem Ipsum? ¿Qué es Lorem Ipsum? ¿Qué es Lorem Ipsum? ¿Qué es Lorem Ipsum? ¿Qué es Lorem Ipsum? ¿Qué es Lorem Ipsum? ¿Qué es Lorem Ipsum? ¿Qué es Lorem Ipsum? ¿Qué es Lorem Ipsum? ¿Qué es Lorem Ipsum? ¿Qué es Lorem Ipsum? ¿Qué es Lorem Ipsum? ¿Qué es Lorem Ipsum? ¿Qué es Lorem Ipsum? ¿Qué es Lorem Ipsum? ¿Qué es Lorem Ipsum? ¿Qué es Lorem Ipsum? ¿Qué es Lorem', '11', 'F', '1');
INSERT INTO `tcc`.`etapa` (`ID`, `ASSUNTO`, `NIVEL`, `JOGO`, `CURSO_ID`) VALUES ('12', 'Por qué lo usamos Por qué lo usamos Por qué lo usamos Por qué lo usamos Por qué lo usamos Por qué lo usamos Por qué lo usamos Por qué lo usamos Por qué lo usamos Por qué lo usamos Por qué lo usamos Por qué lo usamos Por qué lo usamos Por qué lo usamos Por qué lo usamos Por qué lo usamos Por qué lo usamos Por qué lo usamos Por qué lo usamos Por qué lo usamos Por qué lo usamos Por qué lo usamos Por qué lo usamos Por qué lo usamos', '12', 'C', '1');
INSERT INTO `tcc`.`etapa` (`ID`, `ASSUNTO`, `NIVEL`, `JOGO`, `CURSO_ID`) VALUES ('13', '\"Neque porro quisquam est qui dolorem ipsum quia dolor sit amet, consectetur, adipisci velit...\"\n\"No hay nadie que ame el dolor mismo, que lo busque, lo encuentre y lo quiera, simplemente porque es el dolor.\"\n\"Neque porro quisquam est qui dolorem ipsum quia dolor sit amet, consectetur, adipisci velit...\"\n\"No hay nadie que ame el dolor mismo, que lo busque, lo encuentre y lo quiera, simplemente porque es el dolor.\"\n\"Neque porro quisquam est qui dolorem ipsum quia dolor sit amet, consectetur, adipisci velit...\"\n\"No hay nadie que ame el dolor mismo, que lo busque, lo encuentre y lo quiera, simplemente porque es el dolor.\"\n\"Neque porro quisquam est qui dolorem ipsum quia dolor sit amet, consectetur, adipisci velit...\"\n\"No hay nadie que ame el dolor mismo, que lo busque, lo encuentre y lo quiera, simplemente porque es el dolor.\"\n\"Neque porro quisquam est qui dolorem ipsum quia dolor sit amet, consectetur, adipisci velit...\"\n\"No hay nadie que ame el dolor mismo, que lo busque, lo encuentre y', '13', 'Q', '1');
INSERT INTO `tcc`.`etapa` (`ID`, `ASSUNTO`, `NIVEL`, `JOGO`, `CURSO_ID`) VALUES ('14', 'Perchè lo utilizziamo Perchè lo utilizziamo Perchè lo utilizziamo Lo scopo dell’utilizzo del Lorem Ipsum è che offre una normale distribuzione delle lettere (al contrario di quanto avviene se si utilizzano brevi frasi ripetute, ad esempio “testo qui”), apparendo come un normale blocco di testo leggibile. Molti software di impaginazione e di web design utilizzano Lorem Ipsum come testo modello. Molte versioni del testo sono state prodotte negli anni, a volte casualmente, a volte di proposito (ad esempio inserendo passaggi ironici).', '14', 'A', '1');
INSERT INTO `tcc`.`etapa` (`ID`, `ASSUNTO`, `NIVEL`, `JOGO`, `CURSO_ID`) VALUES ('15', 'Etapa 15 In genere, i generatori di testo segnaposto disponibili su internet tendono a ripetere paragrafi predefiniti, rendendo questo il primo vero generatore automatico su intenet. Infatti utilizza un dizionario di oltre 200 vocaboli latini, combinati con un insieme di modelli di strutture di periodi, per generare passaggi di testo verosimili. Il testo così generato è sempre privo di ripetizioni, parole imbarazzanti o fuori luogo ecc.', '15', 'A', '1');
INSERT INTO `tcc`.`etapa` (`ID`, `ASSUNTO`, `NIVEL`, `JOGO`, `CURSO_ID`) VALUES ('16', 'Etapa 16 Il brano standard del Lorem Ipsum usato sin dal sedicesimo secolo è riprodotto qui di seguito per coloro che fossero interessati. Anche le sezioni 1.10.32 e 1.10.33 Il brano standard del Lorem Ipsum usato sin dal sedicesimo secolo è riprodotto qui di seguito per coloro che fossero interessati. Anche le sezioni 1.10.32 e 1.10.33 Il brano standard del Lorem Ipsum usato sin dal sedicesimo secolo è riprodotto qui di seguito per coloro che fossero interessati. Anche le sezioni 1.10.32 e 1.10.33 Il brano standard del Lorem Ipsum usato sin dal sedicesimo secolo è riprodotto qui di seguito per coloro che fossero interessati. Anche le sezioni 1.10.32 e 1.10.33 Il brano standard del Lorem Ipsum usato sin dal sedicesimo secolo è riprodotto qui di seguito per coloro che fossero interessati. Anche le sezioni 1.10.32 e 1.10.33 Il brano standard del Lorem Ipsum usato sin dal sedicesimo secolo è riprodotto qui di seguito per coloro che fossero interessati. Anche le sezioni 1.10.32 e 1.10.33 I', '16', 'A', '1');
INSERT INTO `tcc`.`etapa` (`ID`, `ASSUNTO`, `NIVEL`, `JOGO`, `CURSO_ID`) VALUES ('17', 'Se si decide di utilizzare un passaggio del Lorem Ipsum, è bene essere certi che non contenga nulla di imbarazzante. In genere, i generatori di testo segnaposto disponibili su internet tendono a ripetere paragrafiSe si decide di utilizzare un passaggio del Lorem Ipsum, è bene essere certi che non contenga nulla di imbarazzante. In genere, i generatori di testo segnaposto disponibili su internet tendono a ripetere paragrafiSe si decide di utilizzare un passaggio del Lorem Ipsum, è bene essere certi che non contenga nulla di imbarazzante. In genere, i generatori di testo segnaposto disponibili su internet tendono a ripetere paragrafi', '17', 'C', '1');
INSERT INTO `tcc`.`etapa` (`ID`, `ASSUNTO`, `NIVEL`, `JOGO`, `CURSO_ID`) VALUES ('18', 'Etapa 18 Il passaggio standard del Lorem Ipsum, utilizzato sin dal sedicesimo secoloEtapa 18 Il passaggio standard del Lorem Ipsum, utilizzato sin dal sedicesimo secoloEtapa 18 Il passaggio standard del Lorem Ipsum, utilizzato sin dal sedicesimo secoloEtapa 18 Il passaggio standard del Lorem Ipsum, utilizzato sin dal sedicesimo secolo', '18', 'Q', '1');
INSERT INTO `tcc`.`etapa` (`ID`, `ASSUNTO`, `NIVEL`, `JOGO`, `CURSO_ID`) VALUES ('19', 'Traduzione del 1914 di H. Rackham\n\n\"But I must explain to you how all this mistaken idea of denouncing pleasure and praising pain was born and I will give you a complete account of the system, and expound the actual teachings of the great explorer of the truth, the master-builder of human happiness. No one rejects, dislikes, or avoids pleasure itself, because it is pleasure, but because those who do not know how to pursue pleasure rationally encounter consequences that are extremely painful. Nor again is there anyone who loves or pursues or desires to obtain pain of itself, because it is pain, but because occasionally circumstances occur in which toil and pain can procure him some great pleasure. To take a trivial example, which of us ever undertakes laborious physical exercise, except to obtain some advantage from it? But who has any right to find fault with a man who chooses to enjoy a pleasure that has no annoying consequences, or one who avoids a pain that produces no resultant ple', '19', 'Q', '1');
INSERT INTO `tcc`.`etapa` (`ID`, `ASSUNTO`, `NIVEL`, `JOGO`, `CURSO_ID`) VALUES ('20', 'La sezione 1.10.33 del \"de Finibus Bonorum et Malorum\", scritto da Cicerone nel 45 AC\n\n\"At vero eos et accusamus et iusto odio dignissimos ducimus qui blanditiis praesentium voluptatum deleniti atque corrupti quos dolores et quas molestias excepturi sint occaecati cupiditate non provident, similique sunt in culpa qui officia deserunt mollitia animi, id est laborum et dolorum fuga. Et harum quidem rerum facilis est et expedita distinctio. Nam libero tempore, cum soluta nobis est eligendi optio cumque nihil impedit quo minus id quod maxime placeat facere possimus, omnis voluptas assumenda est, omnis dolor repellendus. Temporibus autem quibusdam et aut officiis debitis aut rerum necessitatibus saepe eveniet ut et voluptates repudiandae sint et molestiae non recusandae. Itaque earum rerum hic tenetur a sapiente delectus, ut aut reiciendis voluptatibus maiores alias consequatur aut perferendis doloribus asperiores repellat.\"', '20', 'C', '1');
INSERT INTO `tcc`.`etapa` (`ID`, `ASSUNTO`, `NIVEL`, `JOGO`, `CURSO_ID`) VALUES ('21', 'Traduzione del 1914 di H. Rackham\n\n\"But I must explain to you how all this mistaken idea of denouncing pleasure and praising pain was born and I will give you a complete account of the system, and expound the actual teachings of the great explorer of the truth, the master-builder of human happiness. No one rejects, dislikes, or avoids pleasure itself, because it is pleasure, but because those who do not know how to pursue pleasure rationally encounter consequences that are extremely painful. Nor again is there anyone who loves or pursues or desires to obtain pain of itself, because it is pain, but because occasionally circumstances occur in which toil and pain can procure him some great pleasure. To take a trivial example, which of us ever undertakes laborious physical exercise, except to obtain some advantage from it? But who has any right to find fault with a man who chooses to enjoy a pleasure that has no annoying consequences, or one who avoids a pain that produces no resultant ple', '21', 'F', '1');
INSERT INTO `tcc`.`etapa` (`ID`, `ASSUNTO`, `NIVEL`, `JOGO`, `CURSO_ID`) VALUES ('22', 'La sezione 1.10.32 del \"de Finibus Bonorum et Malorum\", scritto da Cicerone nel 45 AC\n\n\"Sed ut perspiciatis unde omnis iste natus error sit voluptatem accusantium doloremque laudantium, totam rem aperiam, eaque ipsa quae ab illo inventore veritatis et quasi architecto beatae vitae dicta sunt explicabo. Nemo enim ipsam voluptatem quia voluptas sit aspernatur aut odit aut fugit, sed quia consequuntur magni dolores eos qui ratione voluptatem sequi nesciunt. Neque porro quisquam est, qui dolorem ipsum quia dolor sit amet, consectetur, adipisci velit, sed quia non numquam eius modi tempora incidunt ut labore et dolore magnam aliquam quaerat voluptatem. Ut enim ad minima veniam, quis nostrum exercitationem ullam corporis suscipit laboriosam, nisi ut aliquid ex ea commodi consequatur? Quis autem vel eum iure reprehenderit qui in ea voluptate velit esse quam nihil molestiae consequatur, vel illum qui dolorem eum fugiat quo voluptas nulla pariatur?\"', '22', 'A', '1');
INSERT INTO `tcc`.`etapa` (`ID`, `ASSUNTO`, `NIVEL`, `JOGO`, `CURSO_ID`) VALUES ('23', 'Il passaggio standard del Lorem Ipsum, utilizzato sin dal sedicesimo secolo\n\n\"Lorem ipsum dolor sit amet, consectetur adipiscing elit, sed do eiusmod tempor incididunt ut labore et dolore magna aliqua. Ut enim ad minim veniam, quis nostrud exercitation ullamco laboris nisi ut aliquip ex ea commodo consequat. Duis aute irure dolor in reprehenderit in voluptate velit esse cillum dolore eu fugiat nulla pariatur. Excepteur sint occaecat cupidatat non proident, sunt in culpa qui officia deserunt mollit anim id est laborum.\"', '23', 'Q', '1');
INSERT INTO `tcc`.`etapa` (`ID`, `ASSUNTO`, `NIVEL`, `JOGO`, `CURSO_ID`) VALUES ('24', 'Supporta il sito: se utilizzi questo sito regolarmente e vorresti aiutarci a mantenerlo attivo, puoi versare una piccolo somma per contribuire alle spese di hosting e di traffico. Non c’è una somma minima, ogni importo è apprezzato. Clicca qui per contribuire utilizzando PayPal. Grazie per la collaborazione. Supporta il sito: se utilizzi questo sito regolarmente e vorresti aiutarci a mantenerlo attivo, puoi versare una piccolo somma per contribuire alle spese di hosting e di traffico. Non c’è una somma minima, ogni importo è apprezzato. Clicca qui per contribuire utilizzando PayPal. Grazie per la collaborazione.', '24', 'C', '1');
INSERT INTO `tcc`.`etapa` (`ID`, `ASSUNTO`, `NIVEL`, `JOGO`, `CURSO_ID`) VALUES ('25', 'Traduzioni: Ci puoi aiutare a tradurre questo sito in una lingua straniera? Scrivici una email con i dettagli.Traduzioni: Ci puoi aiutare a tradurre questo sito in una lingua straniera? Scrivici una email con i dettagli.Traduzioni: Ci puoi aiutare a tradurre questo sito in una lingua straniera? Scrivici una email con i dettagli.Traduzioni: Ci puoi aiutare a tradurre questo sito in una lingua straniera? Scrivici una email con i dettagli.Traduzioni: Ci puoi aiutare a tradurre questo sito in una lingua straniera? Scrivici una email con i dettagli.Traduzioni: Ci puoi aiutare a tradurre questo sito in una lingua straniera? Scrivici una email con i dettagli.Traduzioni: Ci puoi aiutare a tradurre questo sito in una lingua straniera? Scrivici una email con i dettagli.Traduzioni: Ci puoi aiutare a tradurre questo sito in una lingua straniera? Scrivici una email con i dettagli.Traduzioni: Ci puoi aiutare a tradurre questo sito in una lingua straniera? Scrivici una email con i dettagli.Traduzioni', '25', 'A', '1');
INSERT INTO `tcc`.`etapa` (`ID`, `ASSUNTO`, `NIVEL`, `JOGO`, `CURSO_ID`) VALUES ('26', 'Este pur şi simplu o machetă pentru text a industriei tipografice. Lorem Ipsum a fost macheta standard a industriei încă din secolul al XVI-lea, când un tipograf anonim a luat o planşetă de litere şi le-a amestecat pentru a crea o carte demonstrativă pentru literele respective. Nu doar că a supravieţuit timp de cinci secole, dar şi a facut saltul în tipografia electronică practic neschimbată. A fost popularizată în anii 0 odată cu ieşirea colilor Letraset care conţineau pasaje Lorem Ipsum, iar mai recent, prin programele de publicare pentru calculator, ca Aldus PageMaker care includeau versiuni de Lorem Ipsum.', '26', 'Q', '1');
INSERT INTO `tcc`.`etapa` (`ID`, `ASSUNTO`, `NIVEL`, `JOGO`, `CURSO_ID`) VALUES ('27', 'Conţinut aici, conţinut acolo, făcându-l să arate ca o engleză citibilă. Multe pachete de publicare pentru calculator şi editoare de pagini web folosesc acum Lorem Ipsum ca model standard de text, iar o cautare de \"lorem ipsum\" va rezulta în o mulţime de site-uri web în dezvoltare. Pe parcursul anilor, diferite versiuni au evoluat, uneori din intâmplare, uneori intenţionat (infiltrându-se elemente de umor sau altceva de acest gen).', '27', 'C', '1');
INSERT INTO `tcc`.`etapa` (`ID`, `ASSUNTO`, `NIVEL`, `JOGO`, `CURSO_ID`) VALUES ('28', 'Trebuie să vă asiguraţi că nu conţine nimic stânjenitor ascuns printre randuri. Toate generatoarele de Lorem Ipsum de pe Internet tind să repete bucăţi de text în funcţie de necesitate, astfel făcându-l pe acesta primul generator adevarat de pe Internet. El utilizează un dicţionar de peste 200 cuvinte din latina, combinate cu o cantitate considerabilă de modele de structuri de propoziţii, pentru a genera Lorem Ipsum care arată decent. Astfel, Lorem Ipsum-ul generat nu conţine repetiţii, infiltrări de elemente de umor sau de cuvinte non-caracteristice, etc.', '28', 'A', '1');
INSERT INTO `tcc`.`etapa` (`ID`, `ASSUNTO`, `NIVEL`, `JOGO`, `CURSO_ID`) VALUES ('29', 'Acum, există un set de bannere disponibile în trei culori şi într-o gamă de dimensiuni standard pentru bannere, pe care le puteţi găsi aici. Acum, există un set de bannere disponibile în trei culori şi într-o gamă de dimensiuni standard pentru bannere, pe care le puteţi găsi aici. Acum, există un set de bannere disponibile în trei culori şi într-o gamă de dimensiuni standard pentru bannere, pe care le puteţi găsi aici. Acum, există un set de bannere disponibile în trei culori şi într-o gamă de dimensiuni standard pentru bannere, pe care le puteţi găsi aici. Acum, există un set de bannere disponibile în trei culori şi într-o gamă de dimensiuni standard pentru bannere, pe care le puteţi găsi aici. Acum, există un set de bannere disponibile în trei culori şi într-o gamă de dimensiuni standard pentru bannere, pe care le puteţi găsi aici. Acum, există un set de bannere disponibile în trei culori şi într-o gamă de dimensiuni standard pentru bannere, pe care le puteţi găsi aici. Acum, există.', '29', 'Q', '1');
INSERT INTO `tcc`.`etapa` (`ID`, `ASSUNTO`, `NIVEL`, `JOGO`, `CURSO_ID`) VALUES ('30', 'Ut enim ad minima veniam, quis nostrum exercitationem ullam corporis suscipit laboriosam, nisi ut aliquid ex ea commodi consequatur? Ut enim ad minima veniam, quis nostrum exercitationem ullam corporis suscipit laboriosam, nisi ut aliquid ex ea commodi consequatur? Ut enim ad minima veniam, quis nostrum exercitationem ullam corporis suscipit laboriosam, nisi ut aliquid ex ea commodi consequatur? Ut enim ad minima veniam, quis nostrum exercitationem ullam corporis suscipit laboriosam, nisi ut aliquid ex ea commodi consequatur? Ut enim ad minima veniam, quis nostrum exercitationem ullam corporis suscipit laboriosam, nisi ut aliquid ex ea commodi consequatur? Ut enim ad minima veniam, quis nostrum exercitationem ullam corporis suscipit laboriosam, nisi ut aliquid ex ea commodi consequatur? Ut enim ad minima veniam, quis nostrum exercitationem ullam corporis suscipit laboriosam, nisi ut aliquid ex ea commodi consequatur? Ut enim ad minima veniam, quis nostrum exercitationem ullam corporis.', '30', 'C', '1');
INSERT INTO `tcc`.`etapa` (`ID`, `ASSUNTO`, `NIVEL`, `JOGO`, `CURSO_ID`) VALUES ('31', 'Etapa 31 \"At vero eos et accusamus et iusto odio dignissimos ducimus qui blanditiis praesentium voluptatum deleniti atque corrupti quos dolores et quas molestias excepturi sint occaecati cupiditate non provident, similique sunt in culpa qui officia deserunt mollitia animi, id est laborum et dolorum fuga. Et harum quidem rerum facilis est et expedita distinctio. Nam libero tempore, cum soluta nobis est eligendi optio cumque nihil impedit quo minus id quod maxime placeat facere possimus, omnis voluptas assumenda est, omnis dolor repellendus. Temporibus autem quibusdam et aut officiis debitis aut rerum necessitatibus saepe eveniet ut et voluptates repudiandae sint et molestiae non recusandae. Itaque earum rerum hic tenetur a sapiente delectus, ut aut reiciendis voluptatibus maiores alias consequatur aut perferendis doloribus asperiores repellat.\"', '31', 'A', '1');
INSERT INTO `tcc`.`etapa` (`ID`, `ASSUNTO`, `NIVEL`, `JOGO`, `CURSO_ID`) VALUES ('32', 'Etapa 32 Secţiunea 1.10.33 din \"de Finibus Bonorum et Malorum\", scrisă de către Cicerone în anul 45 î.e.n.\nTraducerea din 1914 de către H. Rackham\nEtapa 32 Secţiunea 1.10.33 din \"de Finibus Bonorum et Malorum\", scrisă de către Cicerone în anul 45 î.e.n.\nTraducerea din 1914 de către H. Rackham\nEtapa 32 Secţiunea 1.10.33 din \"de Finibus Bonorum et Malorum\", scrisă de către Cicerone în anul 45 î.e.n.\nTraducerea din 1914 de către H. Rackham\nEtapa 32 Secţiunea 1.10.33 din \"de Finibus Bonorum et Malorum\", scrisă de către Cicerone în anul 45 î.e.n.\nTraducerea din 1914 de către H. Rackham\nEtapa 32 Secţiunea 1.10.33 din \"de Finibus Bonorum et Malorum\", scrisă de către Cicerone în anul 45 î.e.n.\nTraducerea din 1914 de către H. Rackham\nEtapa 32 Secţiunea 1.10.33 din \"de Finibus Bonorum et Malorum\", scrisă de către Cicerone în anul 45 î.e.n.\nTraducerea din 1914 de către H. Rackham\nEtapa 32 Secţiunea 1.10.33 din \"de Finibus Bonorum et Malorum\", scrisă de către Cicerone în anul 45 î.e.n.\nTraducerea.', '32', 'C', '1');
INSERT INTO `tcc`.`etapa` (`ID`, `ASSUNTO`, `NIVEL`, `JOGO`, `CURSO_ID`) VALUES ('33', 'The other hand, we denounce with righteous indignation and dislike men who are so beguiled and demoralized by the charms of pleasure of the moment, so blinded by desire, that they cannot foresee the pain and trouble that are bound to ensue; and equal blame belongs to those who fail in their duty through weakness of will, which is the same as saying through shrinking from toil and pain. These cases are perfectly simple and easy to distinguish he other hand, we denounce with righteous indignation and dislike men who are so beguiled and demoralized by the charms of pleasure of the moment, so blinded by desire, that they cannot foresee the pain and trouble that are bound to ensue; and equal blame belongs to those who fail in their duty through weakness of will, which is the same as saying through shrinking from toil and pain. These cases are perfectly simple and easy to distinguishhe other hand, we denounce with righteous indignation and dislike men who are so beguiled and demoralized by t', '33', 'C', '1');
INSERT INTO `tcc`.`etapa` (`ID`, `ASSUNTO`, `NIVEL`, `JOGO`, `CURSO_ID`) VALUES ('34', 'In a free hour, when our power of choice is untrammelled and when nothing prevents our being able to do what we like best, every pleasure is to be welcomed and every pain avoided. But in certain circumstances and owing to the claims of duty or the obligations of business it will frequently occur that pleasures have to be repudiated and annoyances accepted. The wise man therefore always holds in these matters to this principle of selection: he rejects pleasures to secure other greater pleasures, or else he endures pains to avoid worse pains.\"In a free hour, when our power of choice is untrammelled and when nothing prevents our being able to do what we like best, every pleasure is to be welcomed and every pain avoided. But in certain circumstances and owing to the claims of duty or the obligations of business it will frequently occur that pleasures have to be repudiated and annoyances accepted. The wise man therefore always holds in these matters to this principle of selection: he reject', '34', 'F', '1');
INSERT INTO `tcc`.`etapa` (`ID`, `ASSUNTO`, `NIVEL`, `JOGO`, `CURSO_ID`) VALUES ('35', 'Etapa 35t vero eos et accusamus et iusto odio dignissimos ducimus qui blanditiis praesentium voluptatum deleniti atque corrupti quos dolores et quas molestias excepturi sint occaecati cupiditate non provident, similique sunt in culpa qui officia deserunt mollitia animi, id est laborum et dolorum fuga. Etapa 35t vero eos et accusamus et iusto odio dignissimos ducimus qui blanditiis praesentium voluptatum deleniti atque corrupti quos dolores et quas molestias excepturi sint occaecati cupiditate non provident, similique sunt in culpa qui officia deserunt mollitia animi, id est laborum et dolorum fuga. Etapa 35t vero eos et accusamus et iusto odio dignissimos ducimus qui blanditiis praesentium voluptatum deleniti atque corrupti quos dolores et quas molestias excepturi sint occaecati cupiditate non provident, similique sunt in culpa qui officia deserunt mollitia animi, id est laborum et dolorum fuga. Etapa 35t vero eos et accusamus et iusto odio dignissimos ducimus qui blanditiis praesentiu', '35', 'C', '1');
INSERT INTO `tcc`.`etapa` (`ID`, `ASSUNTO`, `NIVEL`, `JOGO`, `CURSO_ID`) VALUES ('36', 'Secţiunea 1.10.33 din \"de Finibus Bonorum et Malorum\", scrisă de către Cicerone în anul 45 î.e.n.\n\n\"At vero eos et accusamus et iusto odio dignissimos ducimus qui blanditiis praesentium voluptatum deleniti atque corrupti quos dolores et quas molestias excepturi sint occaecati cupiditate non provident, similique sunt in culpa qui officia deserunt mollitia animi, id est laborum et dolorum fuga. Et harum quidem rerum facilis est et expedita distinctio. Nam libero tempore, cum soluta nobis est eligendi optio cumque nihil impedit quo minus id quod maxime placeat facere possimus, omnis voluptas assumenda est, omnis dolor repellendus. Temporibus autem quibusdam et aut officiis debitis aut rerum necessitatibus saepe eveniet ut et voluptates repudiandae sint et molestiae non recusandae. Itaque earum rerum hic tenetur a sapiente delectus, ut aut reiciendis voluptatibus maiores alias consequatur aut perferendis doloribus asperiores repellat.\"Secţiunea 1.10.33 din \"de Finibus Bonorum et Malorum\",', '36', 'C', '1');
